,Sample,Actual_Control_CR,Actual_Treatment_CR,Round,Control_Clicks,Control_Sale,Control_CR,Treatment_Clicks,Treatment_Sale,Treatment_CR,Bayesian_Lift,Prob,Z-value,P-value,Freq_Lift
0,0,6.44%,6.84%,0,14881,949,6.38%,17250,1210,7.01%,10.0%,98.9%,-2.275028879,0.022904198,10.0%
1,0,6.44%,6.84%,1,2476,150,6.06%,2487,180,7.24%,19.3%,95.2%,-1.667580657,0.095399001,19.5%
2,0,6.44%,6.84%,2,23662,1503,6.35%,22913,1600,6.98%,9.9%,99.7%,-2.729996901,0.006333492,9.9%
3,0,6.44%,6.84%,3,30445,1929,6.34%,33089,2236,6.76%,6.6%,98.4%,-2.144522374,0.031991055,6.7%
4,0,6.44%,6.84%,4,45355,2925,6.45%,45970,3175,6.91%,7.1%,99.7%,-2.769103986,0.005621069,7.1%
5,0,6.44%,6.84%,5,14711,939,6.38%,14302,959,6.71%,5.0%,86.7%,-1.110266343,0.266884272,5.1%
6,0,6.44%,6.84%,6,7698,501,6.51%,8388,561,6.69%,2.7%,67.6%,-0.459112983,0.646153034,2.8%
7,0,6.44%,6.84%,7,19050,1210,6.35%,18871,1374,7.28%,14.6%,100.0%,-3.590732293,0.00032975,14.6%
8,0,6.44%,6.84%,8,18958,1234,6.51%,16963,1149,6.77%,4.1%,84.3%,-1.005354599,0.314726133,4.1%
9,0,6.44%,6.84%,9,11992,762,6.35%,13087,899,6.87%,8.1%,94.9%,-1.638766487,0.101261901,8.1%
10,1,3.65%,3.56%,0,45462,1705,3.75%,45363,1639,3.61%,-3.7%,13.6%,1.098713162,0.2718932,-3.7%
11,1,3.65%,3.56%,1,3833,127,3.31%,3854,146,3.79%,14.2%,86.9%,-1.124954978,0.260608113,14.3%
12,1,3.65%,3.56%,2,38648,1372,3.55%,35409,1261,3.56%,0.3%,53.3%,-0.082599899,0.934169682,0.3%
13,1,3.65%,3.56%,3,5667,217,3.83%,6408,237,3.70%,-3.4%,35.2%,0.37675265,0.706357432,-3.4%
14,1,3.65%,3.56%,4,28425,1045,3.68%,27919,992,3.55%,-3.3%,21.7%,0.783303914,0.433448666,-3.4%
15,1,3.65%,3.56%,5,10140,413,4.07%,10908,384,3.52%,-13.6%,1.8%,2.098824315,0.035832391,-13.6%
16,1,3.65%,3.56%,6,44548,1631,3.66%,41550,1495,3.60%,-1.7%,31.1%,0.494963453,0.620625918,-1.7%
17,1,3.65%,3.56%,7,14411,546,3.79%,13379,485,3.63%,-4.3%,23.6%,0.721367768,0.470683272,-4.3%
18,1,3.65%,3.56%,8,23585,875,3.71%,24885,894,3.59%,-3.2%,24.5%,0.689262372,0.490658173,-3.2%
19,1,3.65%,3.56%,9,17631,612,3.47%,18779,610,3.25%,-6.4%,11.9%,1.179950421,0.238019934,-6.4%
20,2,3.98%,4.50%,0,4479,186,4.15%,4304,191,4.44%,6.8%,74.5%,-0.658806065,0.510020312,6.9%
21,2,3.98%,4.50%,1,37746,1489,3.94%,37887,1718,4.53%,14.9%,100.0%,-4.024445325,5.71E-05,15.0%
22,2,3.98%,4.50%,2,10671,422,3.95%,11034,498,4.51%,14.1%,97.9%,-2.042407462,0.04111113,14.1%
23,2,3.98%,4.50%,3,46907,1903,4.06%,51503,2364,4.59%,13.1%,100.0%,-4.100865719,4.12E-05,13.1%
24,2,3.98%,4.50%,4,2170,107,4.93%,2126,87,4.09%,-16.8%,9.3%,1.323558451,0.185649732,-17.0%
25,2,3.98%,4.50%,5,9296,356,3.83%,8808,414,4.70%,22.7%,99.8%,-2.90156283,0.003713063,22.7%
26,2,3.98%,4.50%,6,31006,1255,4.05%,32544,1494,4.59%,13.4%,100.0%,-3.364004784,0.000768202,13.4%
27,2,3.98%,4.50%,7,1672,66,3.95%,1520,83,5.46%,37.9%,97.8%,-2.024004667,0.042969672,38.3%
28,2,3.98%,4.50%,8,39916,1665,4.17%,38151,1726,4.52%,8.5%,99.2%,-2.417788307,0.015615158,8.5%
29,2,3.98%,4.50%,9,20653,819,3.97%,24345,1059,4.35%,9.7%,97.9%,-2.032069403,0.04214663,9.7%
30,3,6.43%,6.00%,0,14965,1020,6.82%,15327,860,5.61%,-17.7%,0.0%,4.345589281,1.39E-05,-17.7%
31,3,6.43%,6.00%,1,31918,2123,6.65%,31090,1847,5.94%,-10.7%,0.0%,3.670215523,0.000242346,-10.7%
32,3,6.43%,6.00%,2,42039,2677,6.37%,43154,2635,6.11%,-4.1%,5.7%,1.580349494,0.114026851,-4.1%
33,3,6.43%,6.00%,3,17667,1149,6.50%,19244,1175,6.11%,-6.1%,5.8%,1.572004029,0.115949617,-6.1%
34,3,6.43%,6.00%,4,34406,2271,6.60%,34799,2148,6.17%,-6.5%,1.1%,2.302566464,0.021303248,-6.5%
35,3,6.43%,6.00%,5,49942,3160,6.33%,49782,3044,6.11%,-3.4%,8.2%,1.390295361,0.164439206,-3.4%
36,3,6.43%,6.00%,6,31489,2111,6.70%,35760,2091,5.85%,-12.8%,0.0%,4.579789194,4.65E-06,-12.8%
37,3,6.43%,6.00%,7,34757,2169,6.24%,33622,2043,6.08%,-2.6%,18.6%,0.892234387,0.372267314,-2.6%
38,3,6.43%,6.00%,8,38197,2486,6.51%,36914,2265,6.14%,-5.7%,1.8%,2.096576892,0.036031047,-5.7%
39,3,6.43%,6.00%,9,19086,1263,6.62%,18195,1103,6.06%,-8.4%,1.4%,2.198366498,0.027922999,-8.4%
40,4,4.92%,4.85%,0,37823,1881,4.97%,37145,1750,4.71%,-5.3%,4.7%,1.670042281,0.094910998,-5.3%
41,4,4.92%,4.85%,1,14257,677,4.75%,13184,645,4.89%,3.0%,71.1%,-0.555582832,0.57849607,3.0%
42,4,4.92%,4.85%,2,24756,1212,4.90%,26324,1285,4.88%,-0.3%,47.0%,0.074938362,0.940263754,-0.3%
43,4,4.92%,4.85%,3,45222,2256,4.99%,47688,2287,4.80%,-3.9%,8.6%,1.363252468,0.172802956,-3.9%
44,4,4.92%,4.85%,4,49684,2430,4.89%,48047,2283,4.75%,-2.8%,15.5%,1.016289672,0.309491465,-2.8%
45,4,4.92%,4.85%,5,45105,2259,5.01%,50653,2375,4.69%,-6.4%,1.1%,2.300095125,0.021442831,-6.4%
46,4,4.92%,4.85%,6,41779,2049,4.90%,40445,1957,4.84%,-1.3%,33.1%,0.437542411,0.661718025,-1.3%
47,4,4.92%,4.85%,7,20130,991,4.92%,18364,968,5.27%,7.1%,94.0%,-1.552518939,0.120538105,7.1%
48,4,4.92%,4.85%,8,40028,1992,4.98%,40517,1973,4.87%,-2.1%,24.1%,0.701526013,0.482974807,-2.1%
49,4,4.92%,4.85%,9,22554,1131,5.01%,21718,1042,4.80%,-4.3%,14.6%,1.055396735,0.291243916,-4.3%
50,5,4.69%,4.86%,0,26361,1254,4.76%,27314,1354,4.96%,4.2%,85.9%,-1.078112051,0.280983754,4.2%
51,5,4.69%,4.86%,1,33215,1508,4.54%,34481,1708,4.95%,9.1%,99.4%,-2.527379309,0.011491731,9.1%
52,5,4.69%,4.86%,2,22275,1027,4.61%,22381,1071,4.79%,3.8%,80.8%,-0.872639308,0.382859708,3.8%
53,5,4.69%,4.86%,3,45973,2152,4.68%,43966,2184,4.97%,6.1%,97.8%,-2.004788502,0.044985662,6.1%
54,5,4.69%,4.86%,4,46599,2112,4.53%,46697,2291,4.91%,8.2%,99.6%,-2.692203273,0.007098167,8.2%
55,5,4.69%,4.86%,5,46650,2160,4.63%,46092,2297,4.98%,7.6%,99.4%,-2.515003961,0.011903105,7.6%
56,5,4.69%,4.86%,6,4514,213,4.72%,4911,233,4.74%,0.5%,52.2%,-0.058926903,0.95301033,0.5%
57,5,4.69%,4.86%,7,13055,600,4.60%,12829,621,4.84%,5.3%,82.3%,-0.928270039,0.353267512,5.3%
58,5,4.69%,4.86%,8,41591,1923,4.62%,45257,2163,4.78%,3.4%,86.0%,-1.083065483,0.278779358,3.4%
59,5,4.69%,4.86%,9,20948,991,4.73%,22119,1083,4.90%,3.5%,78.8%,-0.801706995,0.422722469,3.5%
60,6,1.23%,1.17%,0,39571,469,1.19%,37984,427,1.12%,-5.1%,21.4%,0.79537375,0.426396125,-5.2%
61,6,1.23%,1.17%,1,16778,184,1.10%,18284,210,1.15%,4.7%,67.6%,-0.460294541,0.645304819,4.7%
62,6,1.23%,1.17%,2,4156,48,1.15%,4187,53,1.27%,9.4%,67.7%,-0.462990557,0.643371136,9.6%
63,6,1.23%,1.17%,3,44069,542,1.23%,41491,490,1.18%,-4.0%,25.7%,0.654999173,0.512468286,-4.0%
64,6,1.23%,1.17%,4,4440,46,1.04%,4622,39,0.84%,-18.2%,17.2%,0.94907279,0.342583592,-18.6%
65,6,1.23%,1.17%,5,34013,410,1.21%,35040,390,1.11%,-7.7%,12.8%,1.134483962,0.256591597,-7.7%
66,6,1.23%,1.17%,6,49740,589,1.18%,51512,592,1.15%,-2.9%,30.2%,0.517237684,0.604990249,-2.9%
67,6,1.23%,1.17%,7,32513,401,1.23%,34275,382,1.11%,-9.6%,7.7%,1.426106625,0.153837567,-9.6%
68,6,1.23%,1.17%,8,2925,35,1.20%,3005,40,1.33%,10.9%,67.7%,-0.463499469,0.643006395,11.2%
69,6,1.23%,1.17%,9,34902,404,1.16%,33018,382,1.16%,0.0%,49.8%,0.007089389,0.994343533,-0.1%
70,7,2.39%,2.18%,0,14025,330,2.35%,14049,308,2.19%,-6.8%,18.3%,0.902900341,0.36657879,-6.8%
71,7,2.39%,2.18%,1,5898,145,2.46%,6557,154,2.35%,-4.5%,34.4%,0.399805614,0.689299696,-4.5%
72,7,2.39%,2.18%,2,22675,584,2.58%,22079,462,2.09%,-18.7%,0.0%,3.381535362,0.00072082,-18.8%
73,7,2.39%,2.18%,3,48411,1201,2.48%,48670,1136,2.33%,-5.9%,6.8%,1.491611801,0.135800943,-5.9%
74,7,2.39%,2.18%,4,542,14,2.58%,533,11,2.06%,-18.7%,29.1%,0.564764759,0.57223378,-20.1%
75,7,2.39%,2.18%,5,45590,1077,2.36%,49794,1154,2.32%,-1.9%,32.3%,0.457410265,0.647376188,-1.9%
76,7,2.39%,2.18%,6,28094,697,2.48%,26885,560,2.08%,-16.0%,0.1%,3.121127257,0.001801602,-16.0%
77,7,2.39%,2.18%,7,39370,911,2.31%,39162,830,2.12%,-8.4%,3.2%,1.85139848,0.064112248,-8.4%
78,7,2.39%,2.18%,8,30729,714,2.32%,30119,651,2.16%,-7.0%,8.9%,1.350110146,0.176980654,-7.0%
79,7,2.39%,2.18%,9,19925,484,2.43%,19408,391,2.01%,-17.0%,0.3%,2.786571083,0.005326893,-17.1%
80,8,2.95%,3.10%,0,39606,1166,2.94%,44163,1416,3.21%,8.9%,98.6%,-2.19299444,0.02830778,8.9%
81,8,2.95%,3.10%,1,45650,1365,2.99%,45235,1481,3.27%,9.5%,99.3%,-2.456800956,0.014018033,9.5%
82,8,2.95%,3.10%,2,3653,108,2.96%,3535,124,3.51%,18.5%,90.7%,-1.322184019,0.186106881,18.6%
83,8,2.95%,3.10%,3,6804,193,2.84%,6466,197,3.05%,7.4%,76.3%,-0.716394329,0.473747896,7.4%
84,8,2.95%,3.10%,4,31812,932,2.93%,34270,1087,3.17%,8.2%,96.5%,-1.807265006,0.07072097,8.3%
85,8,2.95%,3.10%,5,39939,1167,2.92%,37133,1198,3.23%,10.4%,99.3%,-2.447434079,0.014387744,10.4%
86,8,2.95%,3.10%,6,10853,287,2.64%,11548,371,3.21%,21.4%,99.4%,-2.517252473,0.011827404,21.5%
87,8,2.95%,3.10%,7,36425,1027,2.82%,32821,1068,3.25%,15.4%,100.0%,-3.333240389,0.000858407,15.4%
88,8,2.95%,3.10%,8,29452,810,2.75%,28275,884,3.13%,13.7%,99.6%,-2.677240069,0.007423143,13.7%
89,8,2.95%,3.10%,9,41841,1242,2.97%,37025,1191,3.22%,8.4%,97.8%,-2.013133657,0.04410057,8.4%
90,9,8.22%,8.22%,0,2427,201,8.28%,2679,210,7.84%,-5.4%,28.0%,0.581177289,0.561120973,-5.4%
91,9,8.22%,8.22%,1,5087,384,7.55%,5401,423,7.83%,3.7%,70.6%,-0.543946252,0.58647846,3.8%
92,9,8.22%,8.22%,2,18431,1509,8.19%,15608,1252,8.02%,-2.0%,28.9%,0.558185463,0.576717746,-2.0%
93,9,8.22%,8.22%,3,11300,902,7.98%,11908,988,8.30%,3.9%,80.9%,-0.875972624,0.381044916,3.9%
94,9,8.22%,8.22%,4,7978,610,7.65%,7346,560,7.62%,-0.3%,47.9%,0.053166391,0.957599334,-0.3%
95,9,8.22%,8.22%,5,43374,3557,8.20%,46488,3858,8.30%,1.2%,70.3%,-0.534345722,0.593102364,1.2%
96,9,8.22%,8.22%,6,33927,2746,8.09%,34162,2807,8.22%,1.5%,72.1%,-0.585797457,0.558011633,1.5%
97,9,8.22%,8.22%,7,16581,1394,8.41%,18456,1520,8.24%,-2.0%,28.1%,0.58012076,0.561833185,-2.0%
98,9,8.22%,8.22%,8,3414,253,7.41%,3542,299,8.44%,13.8%,94.4%,-1.590214364,0.111786494,13.9%
99,9,8.22%,8.22%,9,31743,2565,8.08%,34238,2776,8.11%,0.3%,55.1%,-0.129062313,0.897308342,0.3%
100,10,5.87%,6.04%,0,27363,1556,5.69%,29275,1840,6.29%,10.5%,99.9%,-2.999118402,0.002707621,10.5%
101,10,5.87%,6.04%,1,7737,437,5.65%,7760,472,6.08%,7.7%,87.5%,-1.150379575,0.249987569,7.7%
102,10,5.87%,6.04%,2,28967,1694,5.85%,29760,1854,6.23%,6.5%,97.4%,-1.941555138,0.052190978,6.5%
103,10,5.87%,6.04%,3,22082,1271,5.76%,22958,1412,6.15%,6.8%,96.1%,-1.768504097,0.076976668,6.9%
104,10,5.87%,6.04%,4,5797,351,6.05%,5515,355,6.44%,6.3%,80.0%,-0.839811276,0.40101421,6.3%
105,10,5.87%,6.04%,5,23175,1285,5.54%,23313,1437,6.16%,11.2%,99.8%,-2.84302164,0.004468804,11.2%
106,10,5.87%,6.04%,6,9002,517,5.74%,8815,537,6.09%,6.1%,83.8%,-0.986459885,0.323907491,6.1%
107,10,5.87%,6.04%,7,49212,2808,5.71%,50350,3070,6.10%,6.9%,99.6%,-2.619678697,0.008801265,6.9%
108,10,5.87%,6.04%,8,27977,1625,5.81%,26865,1708,6.36%,9.5%,99.6%,-2.691893579,0.007104761,9.5%
109,10,5.87%,6.04%,9,21726,1253,5.77%,22805,1356,5.95%,3.1%,78.9%,-0.80297038,0.421991855,3.1%
110,11,6.62%,6.11%,0,26053,1721,6.61%,24359,1504,6.17%,-6.5%,2.4%,1.978271576,0.047898078,-6.5%
111,11,6.62%,6.11%,1,21010,1423,6.77%,20028,1207,6.03%,-11.0%,0.1%,3.086094655,0.002028043,-11.0%
112,11,6.62%,6.11%,2,40507,2743,6.77%,37177,2245,6.04%,-10.8%,0.0%,4.163390386,3.14E-05,-10.8%
113,11,6.62%,6.11%,3,12482,863,6.91%,12710,798,6.28%,-9.2%,2.1%,2.031947493,0.042158972,-9.2%
114,11,6.62%,6.11%,4,30657,2077,6.77%,28823,1812,6.29%,-7.2%,0.8%,2.407682821,0.016054122,-7.2%
115,11,6.62%,6.11%,5,22278,1518,6.81%,22109,1393,6.30%,-7.5%,1.4%,2.184230728,0.028945298,-7.5%
116,11,6.62%,6.11%,6,49400,3348,6.78%,47086,2891,6.14%,-9.4%,0.0%,4.02482442,5.70E-05,-9.4%
117,11,6.62%,6.11%,7,24542,1592,6.49%,23943,1531,6.39%,-1.4%,33.9%,0.414753578,0.678322306,-1.4%
118,11,6.62%,6.11%,8,9291,602,6.48%,8929,511,5.72%,-11.6%,1.7%,2.131376697,0.033058121,-11.7%
119,11,6.62%,6.11%,9,43303,2908,6.72%,44444,2642,5.94%,-11.5%,0.0%,4.690414791,2.73E-06,-11.5%
120,12,3.00%,3.01%,0,27253,838,3.07%,26119,754,2.89%,-6.1%,10.1%,1.276986648,0.201606961,-6.1%
121,12,3.00%,3.01%,1,7374,201,2.73%,7692,212,2.76%,1.1%,54.5%,-0.113924443,0.909297689,1.1%
122,12,3.00%,3.01%,2,27468,853,3.11%,26911,791,2.94%,-5.3%,12.9%,1.131092233,0.258016273,-5.3%
123,12,3.00%,3.01%,3,28669,862,3.01%,28300,918,3.24%,7.9%,94.8%,-1.626242167,0.103898149,7.9%
124,12,3.00%,3.01%,4,25788,777,3.01%,26352,807,3.06%,1.6%,62.8%,-0.328310329,0.742677035,1.6%
125,12,3.00%,3.01%,5,22235,628,2.82%,20580,681,3.31%,17.1%,99.8%,-2.910401181,0.003609651,17.2%
126,12,3.00%,3.01%,6,15295,451,2.95%,15467,515,3.33%,12.9%,97.2%,-1.915733882,0.055398977,12.9%
127,12,3.00%,3.01%,7,48156,1446,3.00%,47899,1463,3.05%,1.7%,68.0%,-0.466621283,0.640770857,1.7%
128,12,3.00%,3.01%,8,40540,1221,3.01%,44013,1328,3.02%,0.2%,51.8%,-0.046302659,0.96306902,0.2%
129,12,3.00%,3.01%,9,44257,1307,2.95%,41929,1275,3.04%,3.0%,77.5%,-0.754440629,0.450584683,3.0%
130,13,6.23%,6.23%,0,1878,123,6.55%,1956,111,5.67%,-13.3%,12.9%,1.130955147,0.25807397,-13.4%
131,13,6.23%,6.23%,1,18228,1134,6.22%,19039,1245,6.54%,5.1%,89.5%,-1.255337358,0.209356319,5.1%
132,13,6.23%,6.23%,2,44845,2881,6.42%,44961,2795,6.22%,-3.2%,10.0%,1.279925873,0.200571207,-3.2%
133,13,6.23%,6.23%,3,43947,2698,6.14%,43849,2730,6.23%,1.4%,70.3%,-0.533327863,0.593806643,1.4%
134,13,6.23%,6.23%,4,2158,141,6.53%,2098,119,5.67%,-13.1%,12.1%,1.173588044,0.240560073,-13.2%
135,13,6.23%,6.23%,5,39077,2434,6.23%,42114,2637,6.26%,0.5%,57.6%,-0.193258341,0.846756651,0.5%
136,13,6.23%,6.23%,6,24836,1532,6.17%,24630,1613,6.55%,6.2%,95.9%,-1.733943489,0.082928111,6.2%
137,13,6.23%,6.23%,7,453,18,3.97%,470,33,7.02%,72.5%,97.8%,-2.025989845,0.042765825,76.7%
138,13,6.23%,6.23%,8,11819,745,6.30%,12425,752,6.05%,-4.0%,20.8%,0.811908946,0.416843881,-4.0%
139,13,6.23%,6.23%,9,10547,634,6.01%,11938,752,6.30%,4.8%,81.4%,-0.89617683,0.370158328,4.8%
140,14,5.30%,5.29%,0,23781,1318,5.54%,25105,1400,5.58%,0.6%,56.6%,-0.165606306,0.868466784,0.6%
141,14,5.30%,5.29%,1,49319,2696,5.47%,53821,2795,5.19%,-5.0%,2.5%,1.952976565,0.050822372,-5.0%
142,14,5.30%,5.29%,2,19459,1082,5.56%,18362,1009,5.50%,-1.2%,39.1%,0.277995764,0.78101561,-1.2%
143,14,5.30%,5.29%,3,19763,1106,5.60%,18660,979,5.25%,-6.2%,6.5%,1.512738386,0.130346125,-6.3%
144,14,5.30%,5.29%,4,36343,1998,5.50%,39457,2110,5.35%,-2.7%,18.1%,0.911431221,0.362068209,-2.7%
145,14,5.30%,5.29%,5,49358,2623,5.31%,46324,2503,5.40%,1.7%,73.0%,-0.611078764,0.541147438,1.7%
146,14,5.30%,5.29%,6,16916,903,5.34%,16909,934,5.52%,3.5%,77.4%,-0.75288038,0.451521799,3.5%
147,14,5.30%,5.29%,7,30587,1590,5.20%,32144,1658,5.16%,-0.8%,41.0%,0.227404826,0.820108968,-0.8%
148,14,5.30%,5.29%,8,18216,970,5.32%,17990,970,5.39%,1.3%,61.1%,-0.282615376,0.777471692,1.3%
149,14,5.30%,5.29%,9,34211,1864,5.45%,31658,1674,5.29%,-2.9%,18.0%,0.914445975,0.360482553,-3.0%
150,15,3.90%,3.64%,0,28892,1154,3.99%,29794,1086,3.65%,-8.7%,1.4%,2.206985248,0.02731509,-8.7%
151,15,3.90%,3.64%,1,4372,194,4.44%,4224,146,3.46%,-22.0%,1.0%,2.332629829,0.019667582,-22.1%
152,15,3.90%,3.64%,2,5268,239,4.54%,5069,177,3.49%,-22.9%,0.3%,2.702580555,0.006880351,-23.0%
153,15,3.90%,3.64%,3,27411,1130,4.12%,29037,1039,3.58%,-13.2%,0.0%,3.362070102,0.000773605,-13.2%
154,15,3.90%,3.64%,4,42406,1687,3.98%,44314,1627,3.67%,-7.7%,0.9%,2.354837699,0.018530797,-7.7%
155,15,3.90%,3.64%,5,22113,852,3.85%,19887,702,3.53%,-8.4%,4.0%,1.750906405,0.079962033,-8.4%
156,15,3.90%,3.64%,6,18701,757,4.05%,18767,663,3.53%,-12.7%,0.5%,2.61083538,0.009032136,-12.7%
157,15,3.90%,3.64%,7,12002,454,3.78%,10888,373,3.43%,-9.4%,7.4%,1.445110713,0.14842679,-9.4%
158,15,3.90%,3.64%,8,6873,266,3.87%,7037,251,3.57%,-7.8%,17.2%,0.945581071,0.344362303,-7.8%
159,15,3.90%,3.64%,9,47654,1942,4.08%,47756,1709,3.58%,-12.2%,0.0%,3.997954308,6.39E-05,-12.2%
160,16,5.71%,5.44%,0,36509,2061,5.65%,37486,1988,5.30%,-6.1%,2.0%,2.044285505,0.04092535,-6.1%
161,16,5.71%,5.44%,1,23934,1292,5.40%,24403,1357,5.56%,3.0%,78.4%,-0.785386315,0.432227102,3.0%
162,16,5.71%,5.44%,2,2786,172,6.17%,2778,152,5.47%,-11.3%,13.2%,1.118279431,0.263447669,-11.4%
163,16,5.71%,5.44%,3,37005,2099,5.67%,36380,1952,5.37%,-5.4%,3.5%,1.818497915,0.068988065,-5.4%
164,16,5.71%,5.44%,4,4792,250,5.22%,4800,269,5.60%,7.4%,79.9%,-0.837993398,0.402034411,7.4%
165,16,5.71%,5.44%,5,23838,1305,5.47%,26110,1503,5.76%,5.1%,91.4%,-1.366455771,0.171795954,5.2%
166,16,5.71%,5.44%,6,14596,813,5.57%,13760,789,5.73%,2.9%,72.5%,-0.597787529,0.549981713,2.9%
167,16,5.71%,5.44%,7,2164,134,6.19%,2147,118,5.50%,-11.2%,16.5%,0.974215752,0.329949425,-11.2%
168,16,5.71%,5.44%,8,15671,893,5.70%,15047,806,5.36%,-6.0%,9.5%,1.310383471,0.190066143,-6.0%
169,16,5.71%,5.44%,9,44422,2528,5.69%,42641,2336,5.48%,-3.7%,8.6%,1.365270004,0.172168203,-3.7%
170,17,7.92%,8.45%,0,35367,2774,7.84%,37164,3094,8.33%,6.1%,99.1%,-2.378446936,0.017385739,6.1%
171,17,7.92%,8.45%,1,8192,664,8.11%,7961,687,8.63%,6.5%,88.5%,-1.202906846,0.229012371,6.5%
172,17,7.92%,8.45%,2,29096,2247,7.72%,29482,2457,8.33%,7.9%,99.7%,-2.721533404,0.006497982,7.9%
173,17,7.92%,8.45%,3,19549,1614,8.26%,19507,1663,8.53%,3.3%,83.1%,-0.958627192,0.337746589,3.3%
174,17,7.92%,8.45%,4,27855,2148,7.71%,30014,2569,8.56%,11.0%,100.0%,-3.725011473,0.000195306,11.0%
175,17,7.92%,8.45%,5,34631,2777,8.02%,33231,2816,8.47%,5.7%,98.4%,-2.155510559,0.031121903,5.7%
176,17,7.92%,8.45%,6,33241,2625,7.90%,32793,2661,8.11%,2.8%,84.9%,-1.030540476,0.302756362,2.8%
177,17,7.92%,8.45%,7,35959,2868,7.98%,37235,3177,8.53%,7.0%,99.7%,-2.734634984,0.006244948,7.0%
178,17,7.92%,8.45%,8,40755,3271,8.03%,42065,3591,8.54%,6.4%,99.6%,-2.665873981,0.007678847,6.4%
179,17,7.92%,8.45%,9,14743,1151,7.81%,16268,1374,8.45%,8.2%,98.0%,-2.054601286,0.039917531,8.2%
180,18,8.67%,8.86%,0,24957,2085,8.35%,26043,2349,9.02%,8.0%,99.6%,-2.665819337,0.007680095,8.0%
181,18,8.67%,8.86%,1,7847,700,8.92%,8049,748,9.29%,4.2%,79.3%,-0.815969073,0.414517825,4.2%
182,18,8.67%,8.86%,2,49577,4237,8.55%,48403,4300,8.88%,3.9%,96.9%,-1.872502329,0.06113714,3.9%
183,18,8.67%,8.86%,3,33910,2934,8.65%,33086,2897,8.76%,1.2%,68.3%,-0.475855341,0.634177441,1.2%
184,18,8.67%,8.86%,4,45887,3921,8.54%,45256,3967,8.77%,2.6%,88.2%,-1.185291087,0.235902376,2.6%
185,18,8.67%,8.86%,5,13738,1216,8.85%,15418,1338,8.68%,-2.0%,30.0%,0.522158105,0.601560253,-2.0%
186,18,8.67%,8.86%,6,28462,2461,8.65%,27236,2432,8.93%,3.3%,88.1%,-1.178346835,0.238658363,3.3%
187,18,8.67%,8.86%,7,18833,1624,8.62%,18674,1705,9.13%,5.9%,95.8%,-1.726897845,0.084186012,5.9%
188,18,8.67%,8.86%,8,26725,2250,8.42%,29091,2551,8.77%,4.2%,93.0%,-1.473028066,0.140743468,4.2%
189,18,8.67%,8.86%,9,33697,2973,8.82%,34334,3081,8.97%,1.7%,75.5%,-0.690991582,0.489570831,1.7%
190,19,3.67%,3.66%,0,2597,93,3.58%,2422,103,4.25%,18.6%,89.0%,-1.227366319,0.219684939,18.8%
191,19,3.67%,3.66%,1,5879,204,3.47%,5104,199,3.90%,12.4%,88.4%,-1.192486554,0.23307052,12.4%
192,19,3.67%,3.66%,2,47095,1714,3.64%,45841,1742,3.80%,4.4%,90.2%,-1.293924046,0.195691658,4.4%
193,19,3.67%,3.66%,3,40016,1437,3.59%,38752,1524,3.93%,9.5%,99.4%,-2.52016765,0.011729895,9.5%
194,19,3.67%,3.66%,4,7853,277,3.53%,7684,281,3.66%,3.7%,66.8%,-0.434169357,0.664165464,3.7%
195,19,3.67%,3.66%,5,11513,439,3.81%,11256,407,3.62%,-5.2%,21.6%,0.786682458,0.431467776,-5.2%
196,19,3.67%,3.66%,6,42501,1548,3.64%,44257,1634,3.69%,1.4%,65.2%,-0.390138924,0.696433821,1.4%
197,19,3.67%,3.66%,7,35737,1293,3.62%,35768,1384,3.87%,6.9%,96.2%,-1.769817331,0.076757576,6.9%
198,19,3.67%,3.66%,8,46002,1635,3.55%,46898,1775,3.78%,6.5%,96.9%,-1.868955299,0.061629034,6.5%
199,19,3.67%,3.66%,9,34320,1248,3.64%,34127,1295,3.79%,4.3%,86.3%,-1.094744286,0.273628681,4.4%
200,20,4.07%,4.03%,0,17401,726,4.17%,16313,704,4.32%,3.4%,74.3%,-0.652911415,0.51381339,3.4%
201,20,4.07%,4.03%,1,11384,465,4.08%,11286,448,3.97%,-2.8%,33.0%,0.44097285,0.659232653,-2.8%
202,20,4.07%,4.03%,2,44997,1819,4.04%,46073,1848,4.01%,-0.8%,40.5%,0.241502725,0.809165505,-0.8%
203,20,4.07%,4.03%,3,12424,491,3.95%,11239,481,4.28%,8.3%,89.8%,-1.268415864,0.204649479,8.3%
204,20,4.07%,4.03%,4,19136,820,4.29%,17871,684,3.83%,-10.7%,1.3%,2.228200239,0.025867165,-10.7%
205,20,4.07%,4.03%,5,44136,1757,3.98%,45803,1863,4.07%,2.2%,74.5%,-0.660140376,0.50916375,2.2%
206,20,4.07%,4.03%,6,42212,1708,4.05%,45983,1800,3.91%,-3.3%,15.8%,1.000137583,0.31724393,-3.3%
207,20,4.07%,4.03%,7,41379,1746,4.22%,39769,1631,4.10%,-2.8%,19.9%,0.84388885,0.398731519,-2.8%
208,20,4.07%,4.03%,8,36113,1522,4.21%,33395,1278,3.83%,-9.2%,0.5%,2.596795312,0.009409798,-9.2%
209,20,4.07%,4.03%,9,12545,525,4.18%,12863,542,4.21%,0.7%,54.5%,-0.114037851,0.909207789,0.7%
210,21,5.56%,5.40%,0,6411,343,5.35%,6725,350,5.20%,-2.7%,35.4%,0.373444327,0.708817774,-2.7%
211,21,5.56%,5.40%,1,25836,1474,5.71%,23988,1221,5.09%,-10.8%,0.1%,3.03320925,0.002419678,-10.8%
212,21,5.56%,5.40%,2,32579,1762,5.41%,33397,1725,5.17%,-4.5%,8.1%,1.396219642,0.162648364,-4.5%
213,21,5.56%,5.40%,3,28879,1554,5.38%,26756,1407,5.26%,-2.3%,26.0%,0.642804271,0.520351111,-2.3%
214,21,5.56%,5.40%,4,19090,1022,5.35%,19561,983,5.03%,-6.1%,7.3%,1.45497833,0.145675261,-6.1%
215,21,5.56%,5.40%,5,46009,2538,5.52%,47128,2532,5.37%,-2.6%,16.7%,0.966490704,0.333798696,-2.6%
216,21,5.56%,5.40%,6,7639,421,5.51%,7701,444,5.77%,4.6%,75.2%,-0.682685378,0.494805671,4.6%
217,21,5.56%,5.40%,7,21796,1228,5.63%,24306,1314,5.41%,-4.1%,14.2%,1.070746548,0.284283407,-4.0%
218,21,5.56%,5.40%,8,14233,866,6.08%,14407,806,5.59%,-8.0%,3.9%,1.768193698,0.077028527,-8.1%
219,21,5.56%,5.40%,9,15506,867,5.59%,15818,806,5.10%,-8.9%,2.6%,1.951690687,0.050974939,-8.9%
220,22,3.91%,3.87%,0,30251,1180,3.90%,28466,1076,3.78%,-3.1%,22.4%,0.760775454,0.446791198,-3.1%
221,22,3.91%,3.87%,1,12829,515,4.01%,12873,471,3.66%,-8.8%,6.9%,1.483741799,0.137877433,-8.9%
222,22,3.91%,3.87%,2,11220,454,4.05%,10847,404,3.72%,-7.9%,10.8%,1.236299407,0.216347292,-8.0%
223,22,3.91%,3.87%,3,13147,530,4.03%,13377,501,3.75%,-7.1%,11.4%,1.205301527,0.22808692,-7.1%
224,22,3.91%,3.87%,4,26774,1053,3.93%,25841,976,3.78%,-4.0%,17.7%,0.928899479,0.352941183,-4.0%
225,22,3.91%,3.87%,5,37207,1512,4.06%,40028,1570,3.92%,-3.5%,15.8%,1.003848027,0.315451871,-3.5%
226,22,3.91%,3.87%,6,4043,175,4.33%,4226,170,4.02%,-7.0%,24.3%,0.695074356,0.487008704,-7.1%
227,22,3.91%,3.87%,7,38602,1581,4.10%,40019,1500,3.75%,-8.5%,0.6%,2.509757,0.012081427,-8.5%
228,22,3.91%,3.87%,8,827,30,3.63%,817,39,4.77%,30.6%,87.5%,-1.158594756,0.246621408,31.6%
229,22,3.91%,3.87%,9,18206,717,3.94%,18718,686,3.66%,-6.9%,8.5%,1.373485725,0.169601396,-6.9%
230,23,4.27%,4.33%,0,36378,1532,4.21%,36608,1558,4.26%,1.1%,61.7%,-0.298953936,0.764975193,1.1%
231,23,4.27%,4.33%,1,30706,1292,4.21%,31560,1368,4.33%,3.0%,78.3%,-0.783188576,0.433516382,3.0%
232,23,4.27%,4.33%,2,49893,2157,4.32%,50791,2194,4.32%,-0.1%,48.9%,0.028000371,0.977661855,-0.1%
233,23,4.27%,4.33%,3,37137,1628,4.38%,36439,1573,4.32%,-1.5%,32.8%,0.44519385,0.656179671,-1.5%
234,23,4.27%,4.33%,4,40995,1793,4.37%,40486,1776,4.39%,0.3%,53.6%,-0.090641959,0.927777091,0.3%
235,23,4.27%,4.33%,5,27809,1149,4.13%,25825,1155,4.47%,8.2%,97.4%,-1.944107464,0.051882493,8.2%
236,23,4.27%,4.33%,6,45979,1942,4.22%,46642,2050,4.40%,4.1%,90.1%,-1.285099888,0.198757381,4.1%
237,23,4.27%,4.33%,7,23806,1084,4.55%,22687,960,4.23%,-7.1%,4.5%,1.69268906,0.090514669,-7.1%
238,23,4.27%,4.33%,8,47064,1980,4.21%,45845,1974,4.31%,2.3%,77.2%,-0.745704074,0.455846198,2.3%
239,23,4.27%,4.33%,9,21671,912,4.21%,20305,875,4.31%,2.4%,69.6%,-0.511672893,0.60887996,2.4%
240,24,5.82%,5.67%,0,14248,865,6.07%,13878,754,5.43%,-10.5%,1.1%,2.296622202,0.021640331,-10.5%
241,24,5.82%,5.67%,1,29865,1739,5.82%,27723,1533,5.53%,-5.0%,6.5%,1.518479581,0.128893543,-5.0%
242,24,5.82%,5.67%,2,20410,1155,5.66%,19082,1078,5.65%,-0.2%,48.4%,0.041653161,0.966775194,-0.2%
243,24,5.82%,5.67%,3,43755,2493,5.70%,45306,2507,5.53%,-2.9%,14.4%,1.063890896,0.287378128,-2.9%
244,24,5.82%,5.67%,4,35394,2091,5.91%,34121,1852,5.43%,-8.1%,0.3%,2.735384988,0.006230736,-8.1%
245,24,5.82%,5.67%,5,34101,1999,5.86%,34832,1915,5.50%,-6.2%,1.9%,2.065722552,0.038854685,-6.2%
246,24,5.82%,5.67%,6,39889,2369,5.94%,36931,2136,5.78%,-2.6%,18.0%,0.914850852,0.360269934,-2.6%
247,24,5.82%,5.67%,7,35470,2079,5.86%,35887,2123,5.92%,0.9%,62.1%,-0.309205192,0.757165445,0.9%
248,24,5.82%,5.67%,8,18673,1120,6.00%,17967,1007,5.60%,-6.5%,5.4%,1.609203276,0.1075719,-6.6%
249,24,5.82%,5.67%,9,5292,321,6.07%,5299,295,5.57%,-8.2%,13.7%,1.096334568,0.272932387,-8.2%
250,25,5.78%,5.52%,0,33553,1944,5.79%,30742,1729,5.62%,-2.9%,17.8%,0.925546612,0.354681649,-2.9%
251,25,5.78%,5.52%,1,42375,2434,5.74%,43200,2432,5.63%,-2.0%,23.5%,0.722033613,0.470273812,-2.0%
252,25,5.78%,5.52%,2,15441,953,6.17%,14276,829,5.81%,-5.9%,9.3%,1.323812357,0.185565371,-5.9%
253,25,5.78%,5.52%,3,100,10,10.00%,107,7,6.54%,-31.9%,18.7%,0.905511034,0.365194717,-34.6%
254,25,5.78%,5.52%,4,37739,2178,5.77%,36601,1978,5.40%,-6.4%,1.5%,2.177485599,0.029444355,-6.4%
255,25,5.78%,5.52%,5,18138,1042,5.74%,19654,1050,5.34%,-7.0%,4.4%,1.709172727,0.087418959,-7.0%
256,25,5.78%,5.52%,6,2397,134,5.59%,2387,114,4.78%,-14.5%,10.2%,1.270453905,0.203922992,-14.6%
257,25,5.78%,5.52%,7,13362,764,5.72%,13115,703,5.36%,-6.2%,10.2%,1.271090071,0.203696607,-6.3%
258,25,5.78%,5.52%,8,29456,1748,5.93%,30848,1647,5.34%,-10.0%,0.1%,3.16971947,0.001525862,-10.0%
259,25,5.78%,5.52%,9,22191,1235,5.57%,22365,1221,5.46%,-1.9%,31.2%,0.4897231,0.624329854,-1.9%
260,26,8.13%,8.48%,0,23633,1903,8.05%,25524,2113,8.28%,2.8%,82.0%,-0.914754329,0.360320616,2.8%
261,26,8.13%,8.48%,1,13941,1147,8.23%,14634,1252,8.56%,4.0%,84.1%,-0.999035995,0.317777255,4.0%
262,26,8.13%,8.48%,2,24728,1916,7.75%,27068,2294,8.47%,9.4%,99.9%,-3.022842998,0.002504121,9.4%
263,26,8.13%,8.48%,3,6794,553,8.14%,6886,567,8.23%,1.2%,58.0%,-0.201701002,0.840150479,1.2%
264,26,8.13%,8.48%,4,29180,2390,8.19%,32191,2723,8.46%,3.3%,88.5%,-1.20130761,0.2296319,3.3%
265,26,8.13%,8.48%,5,38224,3114,8.15%,42486,3685,8.67%,6.5%,99.6%,-2.690089312,0.00714329,6.5%
266,26,8.13%,8.48%,6,24873,1984,7.98%,27940,2296,8.22%,3.0%,84.4%,-1.013406378,0.310866094,3.0%
267,26,8.13%,8.48%,7,11929,924,7.75%,11303,937,8.29%,7.0%,93.7%,-1.526720433,0.126830544,7.0%
268,26,8.13%,8.48%,8,8352,663,7.94%,9268,773,8.34%,5.0%,83.5%,-0.974607806,0.32975484,5.1%
269,26,8.13%,8.48%,9,26695,2180,8.17%,24549,2096,8.54%,4.6%,93.6%,-1.519949711,0.128523615,4.6%
270,27,7.21%,6.80%,0,7679,551,7.18%,8201,582,7.10%,-1.1%,42.3%,0.192582986,0.847285571,-1.1%
271,27,7.21%,6.80%,1,14231,975,6.85%,13721,897,6.54%,-4.6%,14.7%,1.049265067,0.294056139,-4.6%
272,27,7.21%,6.80%,2,42813,3096,7.23%,46713,3217,6.89%,-4.8%,2.2%,2.01246055,0.044171411,-4.8%
273,27,7.21%,6.80%,3,27341,1963,7.18%,27686,1890,6.83%,-4.9%,5.2%,1.623103378,0.104567308,-4.9%
274,27,7.21%,6.80%,4,3367,235,6.98%,3094,203,6.56%,-5.9%,25.3%,0.668346344,0.503912537,-6.0%
275,27,7.21%,6.80%,5,45856,3284,7.16%,49215,3414,6.94%,-3.1%,8.8%,1.352461889,0.176227603,-3.1%
276,27,7.21%,6.80%,6,11843,895,7.56%,11094,749,6.75%,-10.6%,0.9%,2.364320654,0.018063171,-10.7%
277,27,7.21%,6.80%,7,9643,697,7.23%,9589,601,6.27%,-13.3%,0.4%,2.654608822,0.007940042,-13.3%
278,27,7.21%,6.80%,8,18844,1376,7.30%,17723,1216,6.86%,-6.0%,5.0%,1.641952346,0.10059988,-6.0%
279,27,7.21%,6.80%,9,40277,2965,7.36%,41340,2786,6.74%,-8.5%,0.0%,3.472951838,0.000514768,-8.5%
280,28,8.65%,9.26%,0,43229,3759,8.70%,40471,3653,9.03%,3.8%,95.4%,-1.682729519,0.092427465,3.8%
281,28,8.65%,9.26%,1,23565,2070,8.78%,21488,1972,9.18%,4.5%,92.8%,-1.457938635,0.144857458,4.5%
282,28,8.65%,9.26%,2,4967,460,9.26%,4765,422,8.86%,-4.4%,24.4%,0.695504509,0.486739187,-4.4%
283,28,8.65%,9.26%,3,25482,2161,8.48%,26401,2478,9.39%,10.7%,100.0%,-3.613667675,0.000301896,10.7%
284,28,8.65%,9.26%,4,25634,2312,9.02%,23360,2137,9.15%,1.4%,69.0%,-0.495739445,0.620078253,1.4%
285,28,8.65%,9.26%,5,22305,2010,9.01%,21199,1955,9.22%,2.3%,77.7%,-0.76322915,0.445326747,2.3%
286,28,8.65%,9.26%,6,9393,830,8.84%,9830,888,9.03%,2.2%,68.4%,-0.479083056,0.631879543,2.2%
287,28,8.65%,9.26%,7,35056,3148,8.98%,41051,3809,9.28%,3.3%,92.3%,-1.425627185,0.153975985,3.3%
288,28,8.65%,9.26%,8,259,25,9.65%,234,20,8.55%,-10.7%,34.0%,0.425593697,0.670403934,-11.5%
289,28,8.65%,9.26%,9,3332,303,9.09%,3495,333,9.53%,4.7%,73.1%,-0.617065757,0.537191354,4.8%
290,29,7.44%,8.03%,0,10960,833,7.60%,10518,834,7.93%,4.3%,81.6%,-0.900555615,0.367824643,4.3%
291,29,7.44%,8.03%,1,33608,2509,7.47%,33620,2768,8.23%,10.3%,100.0%,-3.700622982,0.000215071,10.3%
292,29,7.44%,8.03%,2,18351,1388,7.56%,18741,1461,7.80%,3.1%,79.9%,-0.839362401,0.401265976,3.1%
293,29,7.44%,8.03%,3,44842,3375,7.53%,43423,3385,7.80%,3.6%,93.3%,-1.502291316,0.13302189,3.6%
294,29,7.44%,8.03%,4,39772,2989,7.52%,40590,3222,7.94%,5.6%,98.8%,-2.242805179,0.02490938,5.6%
295,29,7.44%,8.03%,5,11650,843,7.24%,12059,987,8.18%,13.1%,99.7%,-2.736326706,0.006212931,13.1%
296,29,7.44%,8.03%,6,41245,3067,7.44%,45621,3703,8.12%,9.2%,100.0%,-3.737898716,0.000185565,9.2%
297,29,7.44%,8.03%,7,26409,1998,7.57%,27039,2136,7.90%,4.4%,92.6%,-1.445573843,0.148296768,4.4%
298,29,7.44%,8.03%,8,36822,2767,7.51%,35599,2808,7.89%,5.0%,97.0%,-1.884259366,0.059529901,5.0%
299,29,7.44%,8.03%,9,38471,2948,7.66%,41188,3292,7.99%,4.3%,95.8%,-1.730603513,0.083522505,4.3%
300,30,4.11%,4.15%,0,9798,405,4.13%,10027,396,3.95%,-4.4%,25.5%,0.658398114,0.510282347,-4.5%
301,30,4.11%,4.15%,1,260,8,3.08%,270,3,1.11%,-57.2%,6.2%,1.586969001,0.112519666,-63.9%
302,30,4.11%,4.15%,2,3958,157,3.97%,4293,189,4.40%,10.9%,83.7%,-0.986814539,0.323733566,11.0%
303,30,4.11%,4.15%,3,43729,1810,4.14%,41318,1660,4.02%,-2.9%,18.5%,0.895257671,0.370649362,-2.9%
304,30,4.11%,4.15%,4,34827,1436,4.12%,33085,1401,4.23%,2.7%,76.6%,-0.724674472,0.468651759,2.7%
305,30,4.11%,4.15%,5,41285,1683,4.08%,42768,1800,4.21%,3.2%,83.2%,-0.961486671,0.336307524,3.2%
306,30,4.11%,4.15%,6,21242,885,4.17%,21940,922,4.20%,0.9%,57.4%,-0.18727303,0.851446567,0.9%
307,30,4.11%,4.15%,7,2786,115,4.13%,2541,113,4.45%,7.7%,71.8%,-0.575048686,0.565258371,7.7%
308,30,4.11%,4.15%,8,11677,500,4.28%,11063,477,4.31%,0.7%,54.4%,-0.110572099,0.911955673,0.7%
309,30,4.11%,4.15%,9,49762,2005,4.03%,47423,1934,4.08%,1.2%,65.1%,-0.3872832,0.698546562,1.2%
310,31,3.04%,2.86%,0,18950,591,3.12%,20931,609,2.91%,-6.7%,11.1%,1.221096157,0.222049615,-6.7%
311,31,3.04%,2.86%,1,34994,1093,3.12%,35575,1042,2.93%,-6.2%,6.6%,1.507194156,0.131760898,-6.2%
312,31,3.04%,2.86%,2,46285,1452,3.14%,42216,1210,2.87%,-8.6%,0.9%,2.35642201,0.018451942,-8.6%
313,31,3.04%,2.86%,3,38750,1191,3.07%,38220,1118,2.93%,-4.8%,11.4%,1.206572762,0.227596722,-4.8%
314,31,3.04%,2.86%,4,9373,260,2.77%,9397,273,2.91%,4.7%,70.6%,-0.541314369,0.588290918,4.7%
315,31,3.04%,2.86%,5,12226,370,3.03%,12185,362,2.97%,-1.8%,40.0%,0.254085804,0.79942927,-1.8%
316,31,3.04%,2.86%,6,25725,806,3.13%,24359,658,2.70%,-13.8%,0.2%,2.86774577,0.004134076,-13.8%
317,31,3.04%,2.86%,7,14026,427,3.04%,12808,382,2.98%,-2.0%,38.4%,0.295880954,0.767320996,-2.0%
318,31,3.04%,2.86%,8,13704,416,3.04%,13412,392,2.92%,-3.7%,29.3%,0.54645169,0.584755487,-3.7%
319,31,3.04%,2.86%,9,25012,769,3.07%,25060,710,2.83%,-7.8%,5.5%,1.594746366,0.110768965,-7.8%
320,32,8.50%,8.88%,0,35716,3030,8.48%,32282,2935,9.09%,7.2%,99.7%,-2.799379236,0.005120096,7.2%
321,32,8.50%,8.88%,1,12261,1038,8.47%,13408,1166,8.70%,2.7%,74.4%,-0.658231477,0.510389402,2.7%
322,32,8.50%,8.88%,2,18866,1526,8.09%,17652,1588,9.00%,11.2%,99.9%,-3.103053937,0.001915347,11.2%
323,32,8.50%,8.88%,3,13797,1175,8.52%,13821,1211,8.76%,2.9%,76.6%,-0.726649817,0.467440502,2.9%
324,32,8.50%,8.88%,4,23688,2035,8.59%,25485,2244,8.81%,2.5%,80.0%,-0.842541396,0.399484979,2.5%
325,32,8.50%,8.88%,5,6490,530,8.17%,6666,593,8.90%,8.9%,93.3%,-1.497108673,0.134364983,8.9%
326,32,8.50%,8.88%,6,2284,171,7.49%,2215,202,9.12%,21.7%,97.6%,-1.98563708,0.047073636,21.8%
327,32,8.50%,8.88%,7,4830,380,7.87%,5031,450,8.94%,13.6%,97.3%,-1.925704741,0.054141252,13.7%
328,32,8.50%,8.88%,8,7160,644,8.99%,6297,569,9.04%,0.5%,53.4%,-0.084152932,0.93293484,0.5%
329,32,8.50%,8.88%,9,25431,2153,8.47%,26971,2397,8.89%,5.0%,95.6%,-1.711659026,0.086959524,5.0%
330,33,5.65%,5.87%,0,43789,2444,5.58%,40022,2301,5.75%,3.0%,85.4%,-1.051355921,0.293095153,3.0%
331,33,5.65%,5.87%,1,42875,2368,5.52%,46605,2820,6.05%,9.5%,100.0%,-3.375007042,0.000738138,9.6%
332,33,5.65%,5.87%,2,3740,211,5.64%,3615,208,5.75%,2.0%,58.2%,-0.207346053,0.83573961,2.0%
333,33,5.65%,5.87%,3,31319,1803,5.76%,31807,1834,5.77%,0.2%,52.0%,-0.049261716,0.960710728,0.2%
334,33,5.65%,5.87%,4,7573,448,5.92%,8020,475,5.92%,0.1%,50.7%,-0.018353773,0.98535663,0.1%
335,33,5.65%,5.87%,5,40557,2295,5.66%,40306,2472,6.13%,8.4%,99.8%,-2.863617302,0.004188337,8.4%
336,33,5.65%,5.87%,6,26181,1466,5.60%,23532,1386,5.89%,5.2%,91.8%,-1.390052131,0.164513048,5.2%
337,33,5.65%,5.87%,7,31307,1766,5.64%,30805,1839,5.97%,5.8%,96.0%,-1.752771281,0.079641275,5.8%
338,33,5.65%,5.87%,8,11180,627,5.61%,11008,622,5.65%,0.8%,55.4%,-0.136382978,0.89151853,0.8%
339,33,5.65%,5.87%,9,814,49,6.02%,828,52,6.28%,4.2%,58.6%,-0.219695778,0.826108093,4.3%
340,34,7.82%,7.57%,0,37308,2925,7.84%,35233,2506,7.11%,-9.3%,0.0%,3.721019441,0.00019842,-9.3%
341,34,7.82%,7.57%,1,21934,1734,7.91%,22520,1734,7.70%,-2.6%,20.9%,0.808540366,0.418779578,-2.6%
342,34,7.82%,7.57%,2,20788,1566,7.53%,21212,1528,7.20%,-4.4%,9.8%,1.293307918,0.195904583,-4.4%
343,34,7.82%,7.57%,3,18944,1499,7.91%,17697,1252,7.07%,-10.6%,0.1%,3.042356438,0.002347338,-10.6%
344,34,7.82%,7.57%,4,31270,2456,7.85%,33222,2427,7.31%,-7.0%,0.4%,2.632833756,0.008467578,-7.0%
345,34,7.82%,7.57%,5,30606,2432,7.95%,35599,2623,7.37%,-7.3%,0.3%,2.791990613,0.005238488,-7.3%
346,34,7.82%,7.57%,6,8912,709,7.96%,9168,723,7.89%,-0.9%,43.1%,0.172854422,0.862765859,-0.9%
347,34,7.82%,7.57%,7,7860,635,8.08%,7517,558,7.42%,-8.1%,6.4%,1.519354469,0.128673296,-8.1%
348,34,7.82%,7.57%,8,273,29,10.62%,292,15,5.14%,-50.1%,0.8%,2.431564264,0.015033781,-51.6%
349,34,7.82%,7.57%,9,16430,1294,7.88%,16402,1240,7.56%,-4.0%,14.2%,1.071999627,0.2837202,-4.0%
350,35,7.18%,6.81%,0,12608,896,7.11%,11870,815,6.87%,-3.4%,23.1%,0.737673357,0.460712966,-3.4%
351,35,7.18%,6.81%,1,5981,450,7.52%,5638,371,6.58%,-12.5%,2.4%,1.983454587,0.047316675,-12.5%
352,35,7.18%,6.81%,2,8675,593,6.84%,8941,614,6.87%,0.5%,53.3%,-0.082752107,0.934048652,0.5%
353,35,7.18%,6.81%,3,28120,2073,7.37%,27707,1926,6.95%,-5.7%,2.7%,1.927095847,0.053967686,-5.7%
354,35,7.18%,6.81%,4,6441,475,7.37%,5978,379,6.34%,-14.0%,1.1%,2.276765361,0.022800241,-14.0%
355,35,7.18%,6.81%,5,29389,2145,7.30%,28141,1899,6.75%,-7.5%,0.5%,2.581853898,0.009827118,-7.5%
356,35,7.18%,6.81%,6,26720,1868,6.99%,25535,1732,6.78%,-3.0%,17.4%,0.939193541,0.347631385,-3.0%
357,35,7.18%,6.81%,7,28999,2103,7.25%,26630,1756,6.59%,-9.1%,0.1%,3.050815868,0.002282205,-9.1%
358,35,7.18%,6.81%,8,44056,3179,7.22%,45183,3059,6.77%,-6.2%,0.5%,2.609875396,0.009057521,-6.2%
359,35,7.18%,6.81%,9,37841,2663,7.04%,36185,2516,6.95%,-1.2%,32.7%,0.44884563,0.65354302,-1.2%
360,36,3.87%,4.01%,0,29998,1106,3.69%,30721,1252,4.08%,10.5%,99.3%,-2.477175273,0.013242685,10.5%
361,36,3.87%,4.01%,1,45381,1777,3.92%,38507,1538,3.99%,2.0%,72.0%,-0.580393224,0.561649473,2.0%
362,36,3.87%,4.01%,2,21588,818,3.79%,21753,885,4.07%,7.4%,93.3%,-1.496150267,0.134614501,7.4%
363,36,3.87%,4.01%,3,26915,954,3.54%,28176,1107,3.93%,10.8%,99.1%,-2.376524879,0.017476583,10.8%
364,36,3.87%,4.01%,4,539,21,3.90%,569,11,1.93%,-48.3%,2.7%,1.950000536,0.051176055,-50.4%
365,36,3.87%,4.01%,5,12814,500,3.90%,14890,614,4.12%,5.6%,82.5%,-0.936074978,0.349234585,5.7%
366,36,3.87%,4.01%,6,22009,839,3.81%,19982,779,3.90%,2.3%,67.8%,-0.459553872,0.645836475,2.3%
367,36,3.87%,4.01%,7,44761,1707,3.81%,45244,1796,3.97%,4.1%,88.7%,-1.209911228,0.226312958,4.1%
368,36,3.87%,4.01%,8,13865,531,3.83%,12356,502,4.06%,6.1%,83.4%,-0.968194788,0.332947097,6.1%
369,36,3.87%,4.01%,9,24576,897,3.65%,23963,971,4.05%,11.0%,98.9%,-2.302914789,0.021283638,11.0%
370,37,8.35%,8.14%,0,7807,677,8.67%,7704,651,8.45%,-2.5%,31.1%,0.493068275,0.621964346,-2.6%
371,37,8.35%,8.14%,1,29215,2476,8.48%,28938,2287,7.90%,-6.7%,0.6%,2.515042994,0.011901787,-6.7%
372,37,8.35%,8.14%,2,234,28,11.97%,244,20,8.20%,-30.5%,8.7%,1.370561497,0.170511693,-31.5%
373,37,8.35%,8.14%,3,15643,1369,8.75%,14619,1180,8.07%,-7.8%,1.7%,2.127853709,0.033349215,-7.8%
374,37,8.35%,8.14%,4,45540,3711,8.15%,43160,3533,8.19%,0.5%,58.0%,-0.200791965,0.840861246,0.5%
375,37,8.35%,8.14%,5,14303,1195,8.35%,13772,1081,7.85%,-6.0%,6.0%,1.551737556,0.120725033,-6.1%
376,37,8.35%,8.14%,6,8930,723,8.10%,8038,670,8.34%,3.0%,71.5%,-0.566511972,0.571045797,3.0%
377,37,8.35%,8.14%,7,32092,2691,8.39%,29532,2322,7.86%,-6.2%,0.9%,2.370817537,0.017748791,-6.2%
378,37,8.35%,8.14%,8,37278,3194,8.57%,36175,2965,8.20%,-4.3%,3.5%,1.817554887,0.069132192,-4.3%
379,37,8.35%,8.14%,9,48686,4009,8.23%,44933,3585,7.98%,-3.1%,7.6%,1.432556186,0.151984711,-3.1%
380,38,10.20%,11.56%,0,2006,223,11.12%,2010,215,10.70%,-3.8%,33.5%,0.427060635,0.669335164,-3.8%
381,38,10.20%,11.56%,1,2353,218,9.26%,2571,325,12.64%,36.2%,100.0%,-3.778036637,0.00015807,36.4%
382,38,10.20%,11.56%,2,31813,3253,10.23%,31618,3590,11.35%,11.0%,100.0%,-4.582421678,4.60E-06,11.0%
383,38,10.20%,11.56%,3,23209,2293,9.88%,23653,2671,11.29%,14.3%,100.0%,-4.968248488,6.76E-07,14.3%
384,38,10.20%,11.56%,4,11620,1189,10.23%,11680,1327,11.36%,11.0%,99.7%,-2.776225358,0.005499408,11.0%
385,38,10.20%,11.56%,5,35384,3538,10.00%,38697,4534,11.72%,17.2%,100.0%,-7.495079214,6.63E-14,17.2%
386,38,10.20%,11.56%,6,3459,321,9.28%,3381,358,10.59%,14.1%,96.5%,-1.809342267,0.070397846,14.1%
387,38,10.20%,11.56%,7,47865,4794,10.02%,41963,4842,11.54%,15.2%,100.0%,-7.359585857,1.84E-13,15.2%
388,38,10.20%,11.56%,8,33191,3370,10.15%,33954,3903,11.49%,13.2%,100.0%,-5.592677155,2.24E-08,13.2%
389,38,10.20%,11.56%,9,37249,3717,9.98%,35325,4235,11.99%,20.1%,100.0%,-8.664266319,4.54E-18,20.1%
390,39,2.64%,2.77%,0,21218,565,2.66%,23974,660,2.75%,3.4%,72.1%,-0.588955506,0.555891122,3.4%
391,39,2.64%,2.77%,1,39698,1068,2.69%,43405,1212,2.79%,3.8%,81.5%,-0.899080894,0.368609574,3.8%
392,39,2.64%,2.77%,2,20888,538,2.58%,19079,520,2.73%,5.8%,82.5%,-0.9322205,0.351222583,5.8%
393,39,2.64%,2.77%,3,29040,785,2.70%,28739,834,2.90%,7.3%,92.6%,-1.447852839,0.147658212,7.4%
394,39,2.64%,2.77%,4,40380,1075,2.66%,39933,1106,2.77%,4.0%,82.5%,-0.93653897,0.348995758,4.0%
395,39,2.64%,2.77%,5,35317,950,2.69%,33029,893,2.70%,0.5%,54.5%,-0.110992226,0.911622512,0.5%
396,39,2.64%,2.77%,6,3268,73,2.23%,3208,93,2.90%,29.4%,95.5%,-1.693590605,0.090343105,29.8%
397,39,2.64%,2.77%,7,23119,588,2.54%,22192,598,2.69%,5.9%,84.3%,-1.008428103,0.313248987,5.9%
398,39,2.64%,2.77%,8,7745,188,2.43%,7765,216,2.78%,14.5%,91.7%,-1.385295696,0.165962069,14.6%
399,39,2.64%,2.77%,9,12367,317,2.56%,12414,363,2.92%,14.0%,95.9%,-1.738584538,0.082107868,14.1%
400,40,2.77%,2.75%,0,9259,276,2.98%,10192,319,3.13%,5.0%,72.6%,-0.602768902,0.546662437,5.0%
401,40,2.77%,2.75%,1,48663,1429,2.94%,47720,1318,2.76%,-5.9%,5.2%,1.628502685,0.10341834,-5.9%
402,40,2.77%,2.75%,2,28965,828,2.86%,28968,852,2.94%,2.9%,72.3%,-0.592065346,0.553806831,2.9%
403,40,2.77%,2.75%,3,4583,136,2.97%,4891,158,3.23%,8.8%,76.9%,-0.737553144,0.460786037,8.9%
404,40,2.77%,2.75%,4,12122,344,2.84%,11868,327,2.76%,-2.9%,34.9%,0.387495261,0.698389593,-2.9%
405,40,2.77%,2.75%,5,3447,101,2.93%,3695,118,3.19%,8.8%,73.9%,-0.645235577,0.518774534,9.0%
406,40,2.77%,2.75%,6,34621,976,2.82%,33351,916,2.75%,-2.6%,28.3%,0.574849899,0.565392816,-2.6%
407,40,2.77%,2.75%,7,28607,815,2.85%,31439,864,2.75%,-3.5%,22.7%,0.748087154,0.45440759,-3.5%
408,40,2.77%,2.75%,8,43458,1253,2.88%,44548,1234,2.77%,-3.9%,15.5%,1.01315034,0.310988357,-3.9%
409,40,2.77%,2.75%,9,42119,1194,2.83%,40375,1109,2.75%,-3.1%,22.2%,0.767633362,0.442705036,-3.1%
410,41,1.99%,2.24%,0,18625,383,2.06%,17951,397,2.21%,7.5%,84.8%,-1.027112617,0.304367438,7.5%
411,41,1.99%,2.24%,1,42681,837,1.96%,44807,1031,2.30%,17.3%,100.0%,-3.476681346,0.000507661,17.3%
412,41,1.99%,2.24%,2,27856,555,1.99%,27472,616,2.24%,12.5%,97.9%,-2.041862174,0.041165205,12.5%
413,41,1.99%,2.24%,3,6630,133,2.01%,6119,151,2.47%,22.9%,96.1%,-1.764739033,0.077607635,23.0%
414,41,1.99%,2.24%,4,37978,696,1.83%,37595,866,2.30%,25.7%,100.0%,-4.548996377,5.39E-06,25.7%
415,41,1.99%,2.24%,5,21690,435,2.01%,18914,443,2.34%,16.8%,99.0%,-2.326468091,0.019993593,16.8%
416,41,1.99%,2.24%,6,34079,635,1.86%,36537,827,2.26%,21.4%,100.0%,-3.731578141,0.000190284,21.5%
417,41,1.99%,2.24%,7,44784,940,2.10%,41902,992,2.37%,12.8%,99.6%,-2.675821025,0.007454644,12.8%
418,41,1.99%,2.24%,8,26852,522,1.94%,27926,621,2.22%,14.4%,98.9%,-2.289869122,0.022028905,14.4%
419,41,1.99%,2.24%,9,28349,564,1.99%,29920,695,2.32%,16.7%,99.7%,-2.766369721,0.005668423,16.8%
420,42,4.26%,4.27%,0,28089,1139,4.05%,28394,1242,4.37%,7.9%,97.0%,-1.887602733,0.059079303,7.9%
421,42,4.26%,4.27%,1,30246,1318,4.36%,34605,1517,4.38%,0.6%,56.4%,-0.162535146,0.870884454,0.6%
422,42,4.26%,4.27%,2,26681,1147,4.30%,29048,1226,4.22%,-1.8%,32.3%,0.457548308,0.647276988,-1.8%
423,42,4.26%,4.27%,3,30847,1245,4.04%,32722,1434,4.38%,8.6%,98.5%,-2.172061449,0.029851028,8.6%
424,42,4.26%,4.27%,4,14245,611,4.29%,14185,607,4.28%,-0.2%,48.3%,0.041866086,0.966605452,-0.2%
425,42,4.26%,4.27%,5,34241,1515,4.42%,32887,1372,4.17%,-5.7%,5.3%,1.613030549,0.106737871,-5.7%
426,42,4.26%,4.27%,6,22072,925,4.19%,21910,946,4.32%,3.0%,74.5%,-0.658988218,0.509903335,3.0%
427,42,4.26%,4.27%,7,27143,1176,4.33%,25501,1098,4.31%,-0.6%,44.0%,0.151696913,0.879425992,-0.6%
428,42,4.26%,4.27%,8,49206,2107,4.28%,47522,2037,4.29%,0.1%,51.4%,-0.034072604,0.972819255,0.1%
429,42,4.26%,4.27%,9,420,16,3.81%,427,17,3.98%,4.2%,55.0%,-0.129147102,0.897241252,4.5%
430,43,2.43%,2.44%,0,27248,685,2.51%,28689,675,2.35%,-6.4%,10.8%,1.236718522,0.2161916,-6.4%
431,43,2.43%,2.44%,1,35660,879,2.46%,33731,828,2.45%,-0.4%,46.6%,0.086963137,0.930700813,-0.4%
432,43,2.43%,2.44%,2,19775,480,2.43%,22669,532,2.35%,-3.3%,29.3%,0.542208252,0.587675052,-3.3%
433,43,2.43%,2.44%,3,22999,569,2.47%,23187,588,2.54%,2.5%,66.5%,-0.425491973,0.670478072,2.5%
434,43,2.43%,2.44%,4,14689,373,2.54%,14385,339,2.36%,-7.2%,15.7%,1.007670346,0.313612745,-7.2%
435,43,2.43%,2.44%,5,8679,195,2.25%,8901,233,2.62%,16.4%,94.4%,-1.595213214,0.110664565,16.5%
436,43,2.43%,2.44%,6,49920,1183,2.37%,49025,1196,2.44%,2.9%,76.3%,-0.716414747,0.473735291,2.9%
437,43,2.43%,2.44%,7,26602,616,2.32%,25321,635,2.51%,8.3%,92.3%,-1.427522956,0.153429213,8.3%
438,43,2.43%,2.44%,8,32277,794,2.46%,32415,838,2.59%,5.1%,84.5%,-1.015883952,0.309684652,5.1%
439,43,2.43%,2.44%,9,3808,92,2.42%,3422,74,2.16%,-10.3%,23.8%,0.718515526,0.472439478,-10.5%
440,44,4.35%,4.38%,0,49015,2133,4.35%,50148,2202,4.39%,0.9%,61.9%,-0.302415239,0.762335539,0.9%
441,44,4.35%,4.38%,1,40008,1744,4.36%,37886,1701,4.49%,3.0%,81.2%,-0.886488974,0.375354093,3.0%
442,44,4.35%,4.38%,2,7727,346,4.48%,7259,348,4.79%,7.1%,82.2%,-0.920624054,0.357246739,7.1%
443,44,4.35%,4.38%,3,18307,766,4.18%,17896,763,4.26%,1.9%,64.6%,-0.375227468,0.707491303,1.9%
444,44,4.35%,4.38%,4,20411,891,4.37%,19980,883,4.42%,1.2%,60.5%,-0.265407757,0.790695361,1.2%
445,44,4.35%,4.38%,5,23464,1002,4.27%,24119,1055,4.37%,2.4%,71.1%,-0.556474199,0.577886727,2.4%
446,44,4.35%,4.38%,6,13636,587,4.30%,13835,613,4.43%,2.9%,69.5%,-0.510912389,0.609412406,2.9%
447,44,4.35%,4.38%,7,24944,1092,4.38%,26580,1126,4.24%,-3.2%,21.4%,0.791059218,0.428909436,-3.2%
448,44,4.35%,4.38%,8,4585,181,3.95%,4451,177,3.98%,0.7%,52.8%,-0.070602427,0.943714179,0.7%
449,44,4.35%,4.38%,9,33650,1465,4.35%,34610,1474,4.26%,-2.2%,27.1%,0.609755348,0.542023885,-2.2%
450,45,5.73%,6.02%,0,12517,729,5.82%,12638,752,5.95%,2.2%,66.5%,-0.425254018,0.670651509,2.2%
451,45,5.73%,6.02%,1,28789,1631,5.67%,27213,1627,5.98%,5.5%,94.3%,-1.583590036,0.113287043,5.5%
452,45,5.73%,6.02%,2,38777,2271,5.86%,37371,2200,5.89%,0.5%,57.1%,-0.178113167,0.858634102,0.5%
453,45,5.73%,6.02%,3,44519,2591,5.82%,45738,2670,5.84%,0.3%,54.5%,-0.112894333,0.91011433,0.3%
454,45,5.73%,6.02%,4,31588,1725,5.46%,32443,1919,5.91%,8.3%,99.3%,-2.479499941,0.013156675,8.3%
455,45,5.73%,6.02%,5,33797,1897,5.61%,35779,2185,6.11%,8.8%,99.7%,-2.771286305,0.005583531,8.8%
456,45,5.73%,6.02%,6,28208,1607,5.70%,29465,1734,5.88%,3.3%,83.3%,-0.966001438,0.334043461,3.3%
457,45,5.73%,6.02%,7,20796,1254,6.03%,21615,1241,5.74%,-4.8%,10.3%,1.262781295,0.206667789,-4.8%
458,45,5.73%,6.02%,8,42581,2466,5.79%,45287,2702,5.97%,3.0%,86.5%,-1.102362761,0.270303994,3.0%
459,45,5.73%,6.02%,9,14472,835,5.77%,14303,814,5.69%,-1.4%,38.7%,0.286994128,0.774116816,-1.4%
460,46,2.24%,2.34%,0,42225,991,2.35%,44504,1083,2.43%,3.7%,79.8%,-0.833765706,0.404413024,3.7%
461,46,2.24%,2.34%,1,32871,712,2.17%,29965,731,2.44%,12.6%,98.9%,-2.285780703,0.022267091,12.6%
462,46,2.24%,2.34%,2,13237,299,2.26%,11922,276,2.32%,2.5%,61.8%,-0.297993786,0.765707906,2.5%
463,46,2.24%,2.34%,3,40019,923,2.31%,42938,1029,2.40%,3.9%,80.3%,-0.855234213,0.392421499,3.9%
464,46,2.24%,2.34%,4,49110,1113,2.27%,44410,1094,2.46%,8.7%,97.6%,-1.982562306,0.047416341,8.7%
465,46,2.24%,2.34%,5,22102,499,2.26%,24301,593,2.44%,8.1%,90.2%,-1.295344454,0.19520143,8.1%
466,46,2.24%,2.34%,6,30681,731,2.38%,35835,838,2.34%,-1.9%,35.4%,0.373476151,0.708794092,-1.9%
467,46,2.24%,2.34%,7,41739,937,2.24%,39899,929,2.33%,3.7%,78.8%,-0.797774922,0.425001117,3.7%
468,46,2.24%,2.34%,8,44622,1027,2.30%,42303,1000,2.36%,2.7%,72.9%,-0.608760293,0.542683336,2.7%
469,46,2.24%,2.34%,9,6302,138,2.19%,6490,119,1.83%,-16.2%,7.6%,1.435439331,0.151161945,-16.3%
470,47,4.65%,4.71%,0,31020,1475,4.75%,28529,1361,4.77%,0.3%,53.6%,-0.089224599,0.928903416,0.3%
471,47,4.65%,4.71%,1,25593,1258,4.92%,25819,1246,4.83%,-1.8%,31.9%,0.471404553,0.637351865,-1.8%
472,47,4.65%,4.71%,2,37044,1732,4.68%,38773,1899,4.90%,4.7%,92.4%,-1.432335743,0.152047759,4.8%
473,47,4.65%,4.71%,3,29277,1369,4.68%,30527,1477,4.84%,3.5%,82.4%,-0.932035352,0.351318256,3.5%
474,47,4.65%,4.71%,4,29184,1368,4.69%,27308,1340,4.91%,4.7%,88.9%,-1.220305818,0.222348965,4.7%
475,47,4.65%,4.71%,5,17280,850,4.92%,16412,730,4.45%,-9.6%,2.0%,2.044042827,0.040949316,-9.6%
476,47,4.65%,4.71%,6,37692,1804,4.79%,36837,1729,4.69%,-1.9%,27.6%,0.594202557,0.552376643,-1.9%
477,47,4.65%,4.71%,7,31128,1444,4.64%,28069,1334,4.75%,2.5%,74.3%,-0.652953021,0.513786565,2.5%
478,47,4.65%,4.71%,8,9025,445,4.93%,9388,441,4.70%,-4.7%,23.0%,0.739341926,0.459699397,-4.7%
479,47,4.65%,4.71%,9,43502,2070,4.76%,44863,2227,4.96%,4.3%,92.2%,-1.420571659,0.155441322,4.3%
480,48,6.82%,6.52%,0,8464,549,6.49%,7892,522,6.61%,2.0%,63.0%,-0.330670798,0.740893163,2.0%
481,48,6.82%,6.52%,1,22194,1486,6.70%,22110,1427,6.45%,-3.6%,15.3%,1.025099211,0.305316378,-3.6%
482,48,6.82%,6.52%,2,16973,1169,6.89%,19122,1212,6.34%,-8.0%,1.8%,2.097895072,0.035914415,-8.0%
483,48,6.82%,6.52%,3,21523,1485,6.90%,23308,1508,6.47%,-6.2%,3.4%,1.821100884,0.068591523,-6.2%
484,48,6.82%,6.52%,4,40163,2747,6.84%,43714,2826,6.46%,-5.5%,1.5%,2.177714812,0.029427275,-5.5%
485,48,6.82%,6.52%,5,22695,1613,7.11%,22750,1478,6.50%,-8.6%,0.5%,2.584944047,0.00973948,-8.6%
486,48,6.82%,6.52%,6,19172,1376,7.18%,19297,1232,6.38%,-11.0%,0.1%,3.092356514,0.001985742,-11.0%
487,48,6.82%,6.52%,7,30474,2096,6.88%,28060,1859,6.63%,-3.7%,11.2%,1.217823918,0.223290893,-3.7%
488,48,6.82%,6.52%,8,1926,156,8.10%,1828,114,6.24%,-22.8%,1.4%,2.208717956,0.027194265,-23.0%
489,48,6.82%,6.52%,9,21210,1423,6.71%,19615,1283,6.54%,-2.5%,24.8%,0.682472482,0.494940237,-2.5%
490,49,4.31%,4.57%,0,47999,2064,4.30%,46771,2183,4.67%,8.5%,99.7%,-2.732616331,0.006283348,8.5%
491,49,4.31%,4.57%,1,46860,2060,4.40%,40586,1889,4.65%,5.9%,96.7%,-1.834024957,0.06665029,5.9%
492,49,4.31%,4.57%,2,34048,1504,4.42%,33640,1573,4.68%,5.9%,94.7%,-1.615431355,0.106217315,5.9%
493,49,4.31%,4.57%,3,1628,60,3.69%,1627,73,4.49%,21.4%,87.5%,-1.154621092,0.248245625,21.7%
494,49,4.31%,4.57%,4,11567,472,4.08%,12671,597,4.71%,15.4%,99.2%,-2.389636241,0.016865067,15.5%
495,49,4.31%,4.57%,5,4834,172,3.56%,4862,237,4.87%,36.8%,99.9%,-3.224393326,0.001262399,37.0%
496,49,4.31%,4.57%,6,34846,1476,4.24%,34787,1614,4.64%,9.5%,99.5%,-2.58772831,0.009661115,9.5%
497,49,4.31%,4.57%,7,32348,1422,4.40%,30077,1362,4.53%,3.0%,78.9%,-0.800957703,0.423156133,3.0%
498,49,4.31%,4.57%,8,489,21,4.29%,506,25,4.94%,14.2%,68.3%,-0.485308943,0.627457213,15.0%
499,49,4.31%,4.57%,9,19546,854,4.37%,18044,865,4.79%,9.7%,97.6%,-1.969064831,0.048945647,9.7%
500,50,6.35%,6.41%,0,14557,946,6.50%,13004,831,6.39%,-1.7%,35.8%,0.365285298,0.714898452,-1.7%
501,50,6.35%,6.41%,1,27523,1741,6.33%,30337,1977,6.52%,3.0%,82.5%,-0.936559066,0.348985416,3.0%
502,50,6.35%,6.41%,2,30793,1963,6.37%,26400,1614,6.11%,-4.1%,9.9%,1.28602008,0.198436054,-4.1%
503,50,6.35%,6.41%,3,17280,1094,6.33%,16965,1096,6.46%,2.0%,68.8%,-0.489118179,0.624758032,2.0%
504,50,6.35%,6.41%,4,18147,1131,6.23%,17679,1090,6.17%,-1.1%,39.7%,0.262640768,0.792827474,-1.1%
505,50,6.35%,6.41%,5,14170,907,6.40%,13944,842,6.04%,-5.7%,10.4%,1.257848053,0.208446714,-5.7%
506,50,6.35%,6.41%,6,32429,2011,6.20%,31531,1890,5.99%,-3.3%,13.7%,1.094394409,0.273782035,-3.3%
507,50,6.35%,6.41%,7,41361,2710,6.55%,48145,3071,6.38%,-2.7%,14.6%,1.0523558,0.292636339,-2.6%
508,50,6.35%,6.41%,8,13769,880,6.39%,14464,913,6.31%,-1.2%,39.3%,0.27188066,0.785713782,-1.2%
509,50,6.35%,6.41%,9,29994,1890,6.30%,32437,1954,6.02%,-4.4%,7.5%,1.43998026,0.149872984,-4.4%
510,51,6.94%,7.09%,0,32276,2188,6.78%,33431,2365,7.07%,4.4%,93.2%,-1.489829379,0.136269104,4.4%
511,51,6.94%,7.09%,1,22197,1514,6.82%,20819,1496,7.19%,5.4%,93.1%,-1.483002264,0.138073809,5.4%
512,51,6.94%,7.09%,2,41672,2864,6.87%,44851,3229,7.20%,4.7%,97.0%,-1.876562267,0.060578113,4.8%
513,51,6.94%,7.09%,3,5166,344,6.66%,5472,410,7.49%,12.5%,95.3%,-1.674837006,0.093966216,12.5%
514,51,6.94%,7.09%,4,44977,3108,6.91%,44251,3113,7.03%,1.8%,76.8%,-0.731112793,0.464710261,1.8%
515,51,6.94%,7.09%,5,17255,1203,6.97%,17754,1267,7.14%,2.4%,72.6%,-0.601013242,0.547831167,2.4%
516,51,6.94%,7.09%,6,4413,295,6.68%,4600,327,7.11%,6.3%,78.6%,-0.793674953,0.427384685,6.3%
517,51,6.94%,7.09%,7,39444,2677,6.79%,41200,2822,6.85%,0.9%,63.8%,-0.352975914,0.724106498,0.9%
518,51,6.94%,7.09%,8,14836,1012,6.82%,13475,1029,7.64%,11.9%,99.6%,-2.648313281,0.008089452,11.9%
519,51,6.94%,7.09%,9,20697,1410,6.81%,22885,1650,7.21%,5.8%,94.7%,-1.621377118,0.104936785,5.8%
520,52,3.90%,4.03%,0,12834,498,3.88%,12683,520,4.10%,5.7%,81.5%,-0.89640991,0.370033877,5.7%
521,52,3.90%,4.03%,1,38335,1516,3.95%,38557,1615,4.19%,5.9%,95.0%,-1.641490089,0.100695723,5.9%
522,52,3.90%,4.03%,2,190,4,2.11%,194,8,4.12%,76.3%,86.2%,-1.136576806,0.255715241,95.9%
523,52,3.90%,4.03%,3,27362,1087,3.97%,26767,1108,4.14%,4.2%,83.7%,-0.983431841,0.325394945,4.2%
524,52,3.90%,4.03%,4,14691,546,3.72%,14881,624,4.19%,12.8%,98.2%,-2.102639338,0.035497308,12.8%
525,52,3.90%,4.03%,5,8037,300,3.73%,8158,398,4.88%,30.6%,100.0%,-3.590281752,0.000330321,30.7%
526,52,3.90%,4.03%,6,15786,650,4.12%,14421,604,4.19%,1.7%,62.1%,-0.30796678,0.75810761,1.7%
527,52,3.90%,4.03%,7,5787,247,4.27%,5897,239,4.05%,-5.0%,28.0%,0.582708693,0.56008942,-5.0%
528,52,3.90%,4.03%,8,1696,57,3.36%,1545,56,3.62%,7.9%,66.0%,-0.408818602,0.682672788,7.8%
529,52,3.90%,4.03%,9,45970,1770,3.85%,45491,1914,4.21%,9.3%,99.7%,-2.746272413,0.006027669,9.3%
530,53,4.45%,4.67%,0,40936,1787,4.37%,38869,1798,4.63%,6.0%,96.2%,-1.775431741,0.075826627,6.0%
531,53,4.45%,4.67%,1,19774,898,4.54%,18615,903,4.85%,6.8%,92.4%,-1.433740918,0.151646211,6.8%
532,53,4.45%,4.67%,2,7134,304,4.26%,6942,336,4.84%,13.5%,95.0%,-1.648036491,0.099345183,13.6%
533,53,4.45%,4.67%,3,7800,319,4.09%,8008,372,4.65%,13.5%,95.6%,-1.708231971,0.087593308,13.6%
534,53,4.45%,4.67%,4,36069,1668,4.62%,35841,1698,4.74%,2.4%,76.4%,-0.718049217,0.472726941,2.4%
535,53,4.45%,4.67%,5,45576,2017,4.43%,48756,2304,4.73%,6.8%,98.6%,-2.20236443,0.027639576,6.8%
536,53,4.45%,4.67%,6,36650,1596,4.35%,40581,1906,4.70%,7.8%,98.9%,-2.281577535,0.022514294,7.9%
537,53,4.45%,4.67%,7,47786,2070,4.33%,46808,2208,4.72%,8.9%,99.8%,-2.851490496,0.004351479,8.9%
538,53,4.45%,4.67%,8,31533,1362,4.32%,35400,1733,4.90%,13.3%,100.0%,-3.54327163,0.000395195,13.3%
539,53,4.45%,4.67%,9,1356,58,4.28%,1437,70,4.87%,13.6%,77.2%,-0.750251937,0.453102984,13.9%
540,54,0.47%,0.50%,0,5879,32,0.54%,5900,24,0.41%,-24.5%,14.1%,1.084970363,0.277934782,-25.3%
541,54,0.47%,0.50%,1,27204,132,0.49%,23611,119,0.50%,4.0%,62.0%,-0.301160871,0.763291826,3.9%
542,54,0.47%,0.50%,2,48941,214,0.44%,52081,254,0.49%,11.5%,88.0%,-1.17989182,0.238043244,11.5%
543,54,0.47%,0.50%,3,17494,68,0.39%,17720,95,0.54%,37.4%,97.9%,-2.037628194,0.04158713,37.9%
544,54,0.47%,0.50%,4,28406,126,0.44%,30202,155,0.51%,15.5%,88.8%,-1.219802437,0.222539777,15.7%
545,54,0.47%,0.50%,5,41558,211,0.51%,43628,209,0.48%,-5.6%,27.5%,0.597237094,0.550349097,-5.6%
546,54,0.47%,0.50%,6,19384,86,0.44%,19947,90,0.45%,1.6%,54.4%,-0.111871276,0.910925472,1.7%
547,54,0.47%,0.50%,7,24269,133,0.55%,24553,92,0.37%,-31.4%,0.2%,2.827158916,0.004696302,-31.6%
548,54,0.47%,0.50%,8,28711,156,0.54%,30435,136,0.45%,-17.7%,4.7%,1.673341239,0.094260139,-17.8%
549,54,0.47%,0.50%,9,19778,81,0.41%,19193,77,0.40%,-2.0%,44.9%,0.129813547,0.896713945,-2.0%
550,55,4.80%,4.96%,0,30012,1404,4.68%,33164,1699,5.12%,9.5%,99.5%,-2.583956217,0.009767419,9.5%
551,55,4.80%,4.96%,1,25069,1210,4.83%,28900,1434,4.96%,2.8%,76.6%,-0.726041924,0.46781307,2.8%
552,55,4.80%,4.96%,2,18571,910,4.90%,18859,938,4.97%,1.5%,62.9%,-0.328799835,0.742306988,1.5%
553,55,4.80%,4.96%,3,28515,1424,4.99%,27191,1360,5.00%,0.2%,51.7%,-0.042189166,0.966347899,0.2%
554,55,4.80%,4.96%,4,42893,2078,4.84%,43080,2193,5.09%,5.1%,95.1%,-1.659272032,0.097060988,5.1%
555,55,4.80%,4.96%,5,32977,1601,4.85%,32825,1590,4.84%,-0.2%,47.4%,0.065858074,0.94749082,-0.2%
556,55,4.80%,4.96%,6,4342,210,4.84%,4754,223,4.69%,-3.0%,37.1%,0.325959631,0.744454898,-3.0%
557,55,4.80%,4.96%,7,22144,1067,4.82%,21797,1090,5.00%,3.8%,81.2%,-0.883984103,0.376704794,3.8%
558,55,4.80%,4.96%,8,22029,1030,4.68%,22416,1098,4.90%,4.8%,86.4%,-1.099088031,0.27172967,4.8%
559,55,4.80%,4.96%,9,2024,92,4.55%,2032,104,5.12%,12.5%,80.2%,-0.850330921,0.39514113,12.6%
560,56,5.70%,5.55%,0,21146,1221,5.77%,22588,1235,5.47%,-5.3%,8.2%,1.391917163,0.163947484,-5.3%
561,56,5.70%,5.55%,1,10364,593,5.72%,10840,571,5.27%,-7.9%,7.3%,1.451477634,0.146646906,-7.9%
562,56,5.70%,5.55%,2,24114,1356,5.62%,21957,1237,5.63%,0.2%,52.0%,-0.048605557,0.961233641,0.2%
563,56,5.70%,5.55%,3,31134,1787,5.74%,30736,1679,5.46%,-4.8%,6.7%,1.498350354,0.134042248,-4.8%
564,56,5.70%,5.55%,4,46525,2663,5.72%,51700,2876,5.56%,-2.8%,13.7%,1.09180584,0.274918452,-2.8%
565,56,5.70%,5.55%,5,45390,2542,5.60%,44997,2530,5.62%,0.4%,55.8%,-0.145293567,0.884479094,0.4%
566,56,5.70%,5.55%,6,17816,1019,5.72%,19062,1061,5.57%,-2.7%,26.1%,0.638643106,0.523055132,-2.7%
567,56,5.70%,5.55%,7,18270,1024,5.60%,17685,993,5.61%,0.2%,51.7%,-0.041654402,0.966774204,0.2%
568,56,5.70%,5.55%,8,24908,1415,5.68%,22962,1271,5.54%,-2.6%,24.5%,0.691897149,0.489001921,-2.6%
569,56,5.70%,5.55%,9,28411,1587,5.59%,31439,1786,5.68%,1.7%,69.2%,-0.503137949,0.614867287,1.7%
570,57,7.21%,7.11%,0,19562,1372,7.01%,18824,1366,7.26%,3.5%,82.3%,-0.925107383,0.354910053,3.5%
571,57,7.21%,7.11%,1,2813,200,7.11%,2755,197,7.15%,0.6%,52.4%,-0.059135179,0.952844438,0.6%
572,57,7.21%,7.11%,2,30607,2227,7.28%,30675,2069,6.74%,-7.3%,0.5%,2.575234162,0.010017224,-7.3%
573,57,7.21%,7.11%,3,15348,1058,6.89%,14005,979,6.99%,1.4%,62.8%,-0.326480022,0.744061202,1.4%
574,57,7.21%,7.11%,4,40708,2991,7.35%,42181,2989,7.09%,-3.6%,7.3%,1.453725525,0.146022419,-3.6%
575,57,7.21%,7.11%,5,2307,187,8.11%,2527,178,7.04%,-13.1%,8.1%,1.395683653,0.162809779,-13.1%
576,57,7.21%,7.11%,6,38920,2771,7.12%,37021,2652,7.16%,0.6%,59.3%,-0.23412381,0.814888862,0.6%
577,57,7.21%,7.11%,7,39300,2806,7.14%,40899,2830,6.92%,-3.1%,11.1%,1.221036469,0.222072212,-3.1%
578,57,7.21%,7.11%,8,15556,1043,6.70%,15203,1068,7.02%,4.8%,86.7%,-1.110254188,0.266889508,4.8%
579,57,7.21%,7.11%,9,30116,2156,7.16%,31606,2236,7.07%,-1.2%,34.2%,0.407583428,0.683579533,-1.2%
580,58,5.44%,5.56%,0,49709,2707,5.45%,54812,3114,5.68%,4.3%,95.1%,-1.658331378,0.097250599,4.3%
581,58,5.44%,5.56%,1,23215,1261,5.43%,23010,1243,5.40%,-0.5%,44.4%,0.141685872,0.887328135,-0.5%
582,58,5.44%,5.56%,2,34035,1901,5.59%,39841,2204,5.53%,-1.0%,37.5%,0.316030187,0.751979596,-1.0%
583,58,5.44%,5.56%,3,7098,375,5.28%,7048,372,5.28%,-0.1%,49.5%,0.013521862,0.989211444,-0.1%
584,58,5.44%,5.56%,4,21171,1153,5.45%,23146,1286,5.56%,2.0%,69.3%,-0.506778516,0.612310232,2.0%
585,58,5.44%,5.56%,5,43946,2432,5.53%,45966,2586,5.63%,1.7%,72.5%,-0.599627007,0.548754844,1.7%
586,58,5.44%,5.56%,6,28878,1624,5.62%,27434,1503,5.48%,-2.6%,22.6%,0.751281415,0.452483312,-2.6%
587,58,5.44%,5.56%,7,15174,840,5.54%,14575,747,5.13%,-7.4%,5.8%,1.575280963,0.115191606,-7.4%
588,58,5.44%,5.56%,8,26107,1395,5.34%,24712,1398,5.66%,5.9%,94.0%,-1.551285357,0.120833314,5.9%
589,58,5.44%,5.56%,9,10768,611,5.67%,11095,622,5.61%,-1.2%,41.3%,0.218194986,0.827277191,-1.2%
590,59,7.24%,7.15%,0,37686,2768,7.34%,36241,2553,7.04%,-4.1%,5.7%,1.579816667,0.114148858,-4.1%
591,59,7.24%,7.15%,1,49224,3525,7.16%,46053,3462,7.52%,5.0%,98.2%,-2.108178864,0.035015521,5.0%
592,59,7.24%,7.15%,2,30666,2181,7.11%,28745,2079,7.23%,1.7%,71.5%,-0.568685631,0.569569501,1.7%
593,59,7.24%,7.15%,3,42134,3005,7.13%,43369,3172,7.31%,2.5%,84.8%,-1.027557686,0.304157937,2.6%
594,59,7.24%,7.15%,4,41385,2956,7.14%,41524,2966,7.14%,0.0%,50.0%,-0.000964846,0.999230164,0.0%
595,59,7.24%,7.15%,5,17186,1251,7.28%,18079,1271,7.03%,-3.4%,18.2%,0.906739731,0.364544448,-3.4%
596,59,7.24%,7.15%,6,3030,221,7.29%,2658,194,7.30%,0.1%,50.4%,-0.007221944,0.994237773,0.1%
597,59,7.24%,7.15%,7,26526,1937,7.30%,26126,1912,7.32%,0.2%,52.8%,-0.071006254,0.943392778,0.2%
598,59,7.24%,7.15%,8,26009,1964,7.55%,26114,1822,6.98%,-7.6%,0.6%,2.525193865,0.011563448,-7.6%
599,59,7.24%,7.15%,9,16223,1161,7.16%,14871,1045,7.03%,-1.8%,32.9%,0.443985175,0.657053302,-1.8%
600,60,6.82%,6.71%,0,6962,477,6.85%,6326,396,6.26%,-8.6%,8.5%,1.374702746,0.16922362,-8.6%
601,60,6.82%,6.71%,1,47133,3266,6.93%,45311,2974,6.56%,-5.3%,1.3%,2.216110742,0.026683919,-5.3%
602,60,6.82%,6.71%,2,44523,3024,6.79%,44980,3060,6.80%,0.2%,52.6%,-0.06554006,0.947744011,0.2%
603,60,6.82%,6.71%,3,40349,2701,6.69%,39199,2695,6.88%,2.7%,84.5%,-1.015417984,0.309906624,2.7%
604,60,6.82%,6.71%,4,1724,109,6.32%,1731,103,5.95%,-5.8%,32.5%,0.455787309,0.648542931,-5.9%
605,60,6.82%,6.71%,5,17009,1166,6.86%,16454,1087,6.61%,-3.6%,18.2%,0.908346284,0.363695296,-3.6%
606,60,6.82%,6.71%,6,20529,1404,6.84%,18503,1236,6.68%,-2.3%,26.6%,0.625031589,0.531950326,-2.3%
607,60,6.82%,6.71%,7,44189,3020,6.83%,43327,2894,6.68%,-2.3%,18.1%,0.912385905,0.361565607,-2.3%
608,60,6.82%,6.71%,8,20923,1406,6.72%,24534,1656,6.75%,0.4%,55.0%,-0.12693254,0.898993792,0.4%
609,60,6.82%,6.71%,9,21334,1498,7.02%,24003,1673,6.97%,-0.7%,41.4%,0.21540302,0.829453116,-0.7%
610,61,3.77%,3.63%,0,7134,266,3.73%,7135,268,3.76%,0.7%,53.4%,-0.086564204,0.93101792,0.7%
611,61,3.77%,3.63%,1,25227,966,3.83%,26192,958,3.66%,-4.5%,15.3%,1.025125018,0.305304202,-4.5%
612,61,3.77%,3.63%,2,15706,599,3.81%,15941,565,3.54%,-7.1%,10.1%,1.273577785,0.202813089,-7.1%
613,61,3.77%,3.63%,3,6015,218,3.62%,6367,250,3.93%,8.3%,81.0%,-0.881367276,0.378119064,8.3%
614,61,3.77%,3.63%,4,30888,1138,3.68%,31511,1153,3.66%,-0.7%,43.3%,0.16761311,0.866887657,-0.7%
615,61,3.77%,3.63%,5,36846,1429,3.88%,42042,1512,3.60%,-7.3%,1.9%,2.085142098,0.037056404,-7.3%
616,61,3.77%,3.63%,6,7617,305,4.00%,7756,285,3.67%,-8.2%,14.4%,1.063665704,0.287480166,-8.2%
617,61,3.77%,3.63%,7,1475,49,3.32%,1333,45,3.38%,1.8%,53.4%,-0.079159727,0.936905577,1.6%
618,61,3.77%,3.63%,8,39993,1512,3.78%,40389,1457,3.61%,-4.6%,9.6%,1.302112431,0.192877954,-4.6%
619,61,3.77%,3.63%,9,12854,454,3.53%,12735,459,3.60%,2.0%,62.2%,-0.311605651,0.755340239,2.0%
620,62,1.61%,1.53%,0,26489,445,1.68%,23917,313,1.31%,-22.0%,0.0%,3.419859758,0.000626534,-22.1%
621,62,1.61%,1.53%,1,44057,714,1.62%,45625,695,1.52%,-6.0%,12.1%,1.171882641,0.241244177,-6.0%
622,62,1.61%,1.53%,2,43057,670,1.56%,41301,598,1.45%,-6.9%,9.9%,1.290738071,0.196794518,-7.0%
623,62,1.61%,1.53%,3,39746,612,1.54%,41843,608,1.45%,-5.6%,15.4%,1.02024281,0.307613319,-5.6%
624,62,1.61%,1.53%,4,39429,622,1.58%,40867,563,1.38%,-12.7%,0.9%,2.348181672,0.018865317,-12.7%
625,62,1.61%,1.53%,5,29295,485,1.66%,29892,432,1.45%,-12.7%,1.9%,2.071876249,0.038276983,-12.7%
626,62,1.61%,1.53%,6,17287,273,1.58%,16743,240,1.43%,-9.2%,13.5%,1.103401378,0.269852898,-9.2%
627,62,1.61%,1.53%,7,27506,435,1.58%,24273,377,1.55%,-1.8%,39.9%,0.258716752,0.795853793,-1.8%
628,62,1.61%,1.53%,8,23168,340,1.47%,23053,341,1.48%,0.8%,54.1%,-0.104017526,0.917155441,0.8%
629,62,1.61%,1.53%,9,34501,555,1.61%,35045,535,1.53%,-5.1%,19.2%,0.870910646,0.383802943,-5.1%
630,63,5.16%,4.72%,0,40242,2060,5.12%,39651,1851,4.67%,-8.8%,0.2%,2.95260554,0.003151043,-8.8%
631,63,5.16%,4.72%,1,22048,1175,5.33%,21754,989,4.55%,-14.7%,0.0%,3.780806681,0.000156321,-14.7%
632,63,5.16%,4.72%,2,22640,1186,5.24%,22921,1043,4.55%,-13.1%,0.0%,3.404442895,0.000662992,-13.1%
633,63,5.16%,4.72%,3,24924,1259,5.05%,27749,1301,4.69%,-7.2%,2.7%,1.933824295,0.053134735,-7.2%
634,63,5.16%,4.72%,4,48603,2531,5.21%,46145,2187,4.74%,-9.0%,0.0%,3.310814264,0.000930249,-9.0%
635,63,5.16%,4.72%,5,15220,756,4.97%,17140,807,4.71%,-5.2%,13.9%,1.084063134,0.278336807,-5.2%
636,63,5.16%,4.72%,6,49618,2575,5.19%,50727,2501,4.93%,-5.0%,3.0%,1.874186195,0.060904766,-5.0%
637,63,5.16%,4.72%,7,7968,405,5.08%,8460,402,4.75%,-6.5%,16.3%,0.981217887,0.326485305,-6.5%
638,63,5.16%,4.72%,8,45871,2426,5.29%,43964,2089,4.75%,-10.2%,0.0%,3.683538782,0.000230018,-10.2%
639,63,5.16%,4.72%,9,36002,1918,5.33%,31497,1476,4.69%,-12.0%,0.0%,3.803823149,0.00014248,-12.0%
640,64,3.38%,3.44%,0,7242,253,3.49%,6305,215,3.41%,-2.3%,39.7%,0.265499259,0.79062488,-2.4%
641,64,3.38%,3.44%,1,15025,528,3.51%,13627,461,3.38%,-3.7%,27.3%,0.607318832,0.543639343,-3.7%
642,64,3.38%,3.44%,2,35049,1152,3.29%,35424,1257,3.55%,8.0%,97.2%,-1.911098355,0.055991943,8.0%
643,64,3.38%,3.44%,3,19131,687,3.59%,20455,713,3.49%,-2.9%,28.5%,0.566989678,0.570721194,-2.9%
644,64,3.38%,3.44%,4,39701,1380,3.48%,39746,1418,3.57%,2.6%,75.8%,-0.700880633,0.483377512,2.6%
645,64,3.38%,3.44%,5,31368,1093,3.48%,31481,1079,3.43%,-1.6%,34.8%,0.39100865,0.695790842,-1.6%
646,64,3.38%,3.44%,6,3382,104,3.08%,3448,100,2.90%,-5.6%,33.6%,0.424481673,0.671214568,-5.7%
647,64,3.38%,3.44%,7,17061,581,3.41%,18241,644,3.53%,3.7%,73.9%,-0.641678512,0.521081944,3.7%
648,64,3.38%,3.44%,8,24699,882,3.57%,27165,922,3.39%,-5.0%,13.6%,1.098233076,0.272102727,-5.0%
649,64,3.38%,3.44%,9,30874,1033,3.35%,30331,1054,3.47%,3.9%,81.1%,-0.880150423,0.378777827,3.9%
650,65,3.76%,3.57%,0,26773,994,3.71%,26637,955,3.59%,-3.4%,21.6%,0.785454966,0.432186864,-3.4%
651,65,3.76%,3.57%,1,25170,977,3.88%,25409,895,3.52%,-9.2%,1.6%,2.139665369,0.03238182,-9.3%
652,65,3.76%,3.57%,2,36039,1314,3.65%,34769,1266,3.64%,-0.1%,48.6%,0.034614006,0.972387533,-0.1%
653,65,3.76%,3.57%,3,13022,472,3.62%,12053,405,3.36%,-7.3%,12.8%,1.138947026,0.25472525,-7.3%
654,65,3.76%,3.57%,4,33054,1215,3.68%,31231,1102,3.53%,-4.0%,15.9%,1.001132487,0.316762761,-4.0%
655,65,3.76%,3.57%,5,19274,733,3.80%,18975,711,3.75%,-1.5%,38.7%,0.287379314,0.773821899,-1.5%
656,65,3.76%,3.57%,6,47291,1786,3.78%,49738,1811,3.64%,-3.6%,13.2%,1.116932089,0.264023363,-3.6%
657,65,3.76%,3.57%,7,15107,559,3.70%,16058,587,3.66%,-1.2%,41.6%,0.209889211,0.833754143,-1.2%
658,65,3.76%,3.57%,8,994,29,2.92%,1038,34,3.28%,11.7%,67.7%,-0.465450757,0.641608693,12.3%
659,65,3.76%,3.57%,9,11470,398,3.47%,12162,430,3.54%,1.9%,60.8%,-0.274444539,0.783743019,1.9%
660,66,5.53%,6.05%,0,48634,2727,5.61%,47629,2878,6.04%,7.8%,99.8%,-2.883910794,0.0039277,7.8%
661,66,5.53%,6.05%,1,19549,1030,5.27%,19823,1208,6.09%,15.6%,100.0%,-3.535425513,0.000407119,15.7%
662,66,5.53%,6.05%,2,49896,2731,5.47%,54104,3266,6.04%,10.3%,100.0%,-3.892172222,9.94E-05,10.3%
663,66,5.53%,6.05%,3,28318,1625,5.74%,27434,1689,6.16%,7.3%,98.2%,-2.087781216,0.036817575,7.3%
664,66,5.53%,6.05%,4,36223,2014,5.56%,39877,2410,6.04%,8.7%,99.8%,-2.847215261,0.004410353,8.7%
665,66,5.53%,6.05%,5,1547,102,6.59%,1590,88,5.53%,-15.9%,10.7%,1.242952003,0.213885521,-16.1%
666,66,5.53%,6.05%,6,14189,835,5.88%,13944,815,5.84%,-0.7%,44.3%,0.142878038,0.886386504,-0.7%
667,66,5.53%,6.05%,7,33142,1767,5.33%,33050,2044,6.18%,16.0%,100.0%,-4.710463363,2.47E-06,16.0%
668,66,5.53%,6.05%,8,21583,1159,5.37%,21911,1283,5.86%,9.0%,98.6%,-2.199307953,0.027856033,9.0%
669,66,5.53%,6.05%,9,18404,1096,5.96%,17799,1060,5.96%,0.0%,50.0%,-0.000657687,0.999475242,0.0%
670,67,0.87%,0.92%,0,14212,117,0.82%,14113,128,0.91%,10.1%,77.6%,-0.760773872,0.446792143,10.2%
671,67,0.87%,0.92%,1,20176,151,0.75%,20919,172,0.82%,9.8%,80.1%,-0.847005953,0.396991804,9.9%
672,67,0.87%,0.92%,2,28460,240,0.84%,27252,265,0.97%,15.3%,94.6%,-1.60742691,0.107960751,15.3%
673,67,0.87%,0.92%,3,26924,238,0.88%,26751,223,0.83%,-5.7%,26.4%,0.632140479,0.527295086,-5.7%
674,67,0.87%,0.92%,4,42808,381,0.89%,50480,469,0.93%,4.3%,73.3%,-0.62565585,0.531540697,4.4%
675,67,0.87%,0.92%,5,18567,151,0.81%,17139,159,0.93%,14.0%,87.8%,-1.164517617,0.244214308,14.1%
676,67,0.87%,0.92%,6,41008,357,0.87%,45803,377,0.82%,-5.5%,22.2%,0.762625602,0.445686711,-5.5%
677,67,0.87%,0.92%,7,31845,284,0.89%,31024,273,0.88%,-1.3%,43.7%,0.158601453,0.873982884,-1.3%
678,67,0.87%,0.92%,8,14720,124,0.84%,13891,121,0.87%,3.4%,60.4%,-0.263104395,0.792470117,3.4%
679,67,0.87%,0.92%,9,41079,352,0.86%,39284,365,0.93%,8.4%,86.2%,-1.088723845,0.276275683,8.4%
680,68,3.39%,3.21%,0,39641,1329,3.35%,42509,1406,3.31%,-1.3%,35.9%,0.359687946,0.719080508,-1.3%
681,68,3.39%,3.21%,1,24350,814,3.34%,22920,765,3.34%,-0.1%,48.8%,0.031562406,0.974821024,-0.2%
682,68,3.39%,3.21%,2,34118,1174,3.44%,32623,1044,3.20%,-7.0%,4.1%,1.73489582,0.08275926,-7.0%
683,68,3.39%,3.21%,3,46575,1572,3.38%,46062,1462,3.17%,-6.0%,4.3%,1.720436655,0.085353099,-6.0%
684,68,3.39%,3.21%,4,36716,1263,3.44%,37252,1220,3.27%,-4.8%,10.7%,1.24513305,0.213082847,-4.8%
685,68,3.39%,3.21%,5,24615,829,3.37%,24415,808,3.31%,-1.7%,35.9%,0.360056459,0.718804913,-1.7%
686,68,3.39%,3.21%,6,28912,959,3.32%,27395,861,3.14%,-5.2%,12.2%,1.167223709,0.243120039,-5.2%
687,68,3.39%,3.21%,7,4817,165,3.43%,4869,154,3.16%,-7.6%,23.5%,0.723796389,0.469190746,-7.7%
688,68,3.39%,3.21%,8,6445,195,3.03%,6662,216,3.24%,7.1%,76.1%,-0.71155181,0.476742357,7.2%
689,68,3.39%,3.21%,9,45887,1548,3.37%,43433,1393,3.21%,-4.9%,8.2%,1.391811058,0.16397962,-4.9%
690,69,6.43%,6.06%,0,10951,664,6.06%,10375,667,6.43%,6.0%,86.5%,-1.102970093,0.270040153,6.0%
691,69,6.43%,6.06%,1,27500,1739,6.32%,26719,1595,5.97%,-5.6%,4.3%,1.715941077,0.086172828,-5.6%
692,69,6.43%,6.06%,2,15563,974,6.26%,15109,906,6.00%,-4.2%,17.0%,0.956388701,0.338875891,-4.2%
693,69,6.43%,6.06%,3,45383,2951,6.50%,40027,2393,5.98%,-8.1%,0.1%,3.155199749,0.001603883,-8.1%
694,69,6.43%,6.06%,4,44724,2908,6.50%,48305,2984,6.18%,-5.0%,2.1%,2.031460341,0.042208319,-5.0%
695,69,6.43%,6.06%,5,34544,2255,6.53%,34353,2016,5.87%,-10.1%,0.0%,3.588927552,0.000332041,-10.1%
696,69,6.43%,6.06%,6,17603,1146,6.51%,18408,1143,6.21%,-4.6%,12.1%,1.170299381,0.241880511,-4.6%
697,69,6.43%,6.06%,7,6350,426,6.71%,5555,324,5.83%,-13.0%,2.5%,1.962777308,0.049672056,-13.1%
698,69,6.43%,6.06%,8,36927,2421,6.56%,38757,2387,6.16%,-6.1%,1.3%,2.239886453,0.025098295,-6.1%
699,69,6.43%,6.06%,9,32368,2165,6.69%,28780,1786,6.21%,-7.2%,0.8%,2.424975102,0.015309437,-7.2%
700,70,2.44%,2.60%,0,12729,299,2.35%,10483,289,2.76%,17.4%,97.5%,-1.968124623,0.0490537,17.4%
701,70,2.44%,2.60%,1,13449,288,2.14%,13320,330,2.48%,15.6%,96.6%,-1.830561323,0.067166046,15.7%
702,70,2.44%,2.60%,2,14299,355,2.48%,14021,364,2.60%,4.6%,72.8%,-0.606640799,0.544089318,4.6%
703,70,2.44%,2.60%,3,16386,388,2.37%,15657,363,2.32%,-2.1%,38.6%,0.292315341,0.77004553,-2.1%
704,70,2.44%,2.60%,4,43049,1015,2.36%,44100,1131,2.56%,8.8%,97.6%,-1.96992791,0.048846633,8.8%
705,70,2.44%,2.60%,5,8358,217,2.60%,8467,204,2.41%,-7.2%,21.9%,0.776298,0.437573054,-7.2%
706,70,2.44%,2.60%,6,25704,617,2.40%,26568,668,2.51%,4.7%,80.0%,-0.840718008,0.40050593,4.7%
707,70,2.44%,2.60%,7,42261,1021,2.42%,45900,1196,2.61%,7.8%,96.4%,-1.797419413,0.072269061,7.9%
708,70,2.44%,2.60%,8,23385,561,2.40%,22568,604,2.68%,11.5%,97.1%,-1.891067152,0.058615381,11.6%
709,70,2.44%,2.60%,9,3034,66,2.18%,2989,61,2.04%,-6.1%,35.9%,0.363341428,0.71634985,-6.2%
710,71,6.19%,6.42%,0,29140,1750,6.01%,25136,1632,6.49%,8.1%,99.0%,-2.341392549,0.019211955,8.1%
711,71,6.19%,6.42%,1,39289,2475,6.30%,39300,2510,6.39%,1.4%,69.2%,-0.502019146,0.615654054,1.4%
712,71,6.19%,6.42%,2,206,13,6.31%,221,14,6.33%,-0.1%,50.1%,-0.010250971,0.991821052,0.4%
713,71,6.19%,6.42%,3,27435,1700,6.20%,26995,1760,6.52%,5.2%,93.9%,-1.545510427,0.122222849,5.2%
714,71,6.19%,6.42%,4,27770,1696,6.11%,26478,1681,6.35%,4.0%,87.8%,-1.163004014,0.244827874,4.0%
715,71,6.19%,6.42%,5,18580,1124,6.05%,19095,1204,6.31%,4.2%,84.9%,-1.030960324,0.302559426,4.2%
716,71,6.19%,6.42%,6,43506,2631,6.05%,45600,2937,6.44%,6.5%,99.2%,-2.424909217,0.015312215,6.5%
717,71,6.19%,6.42%,7,21740,1247,5.74%,23012,1446,6.28%,9.5%,99.3%,-2.435085601,0.014888267,9.5%
718,71,6.19%,6.42%,8,44208,2681,6.06%,44557,2901,6.51%,7.4%,99.7%,-2.738379527,0.006174278,7.4%
719,71,6.19%,6.42%,9,3777,241,6.38%,3902,259,6.64%,4.0%,67.5%,-0.456152764,0.64828013,4.0%
720,72,6.59%,6.18%,0,5111,364,7.12%,5056,323,6.39%,-10.3%,7.0%,1.473118405,0.140719112,-10.3%
721,72,6.59%,6.18%,1,9705,685,7.06%,8777,514,5.86%,-17.0%,0.0%,3.313076365,0.000922758,-17.0%
722,72,6.59%,6.18%,2,20468,1356,6.62%,21599,1374,6.36%,-4.0%,13.6%,1.096829826,0.272715789,-4.0%
723,72,6.59%,6.18%,3,30288,2036,6.72%,27859,1702,6.11%,-9.1%,0.1%,3.009843736,0.002613821,-9.1%
724,72,6.59%,6.18%,4,343,23,6.71%,352,21,5.97%,-10.7%,34.5%,0.400321243,0.688919923,-11.0%
725,72,6.59%,6.18%,5,37069,2346,6.33%,38576,2427,6.29%,-0.6%,41.6%,0.210709509,0.833113954,-0.6%
726,72,6.59%,6.18%,6,41079,2743,6.68%,40515,2467,6.09%,-8.8%,0.0%,3.436427998,0.000589439,-8.8%
727,72,6.59%,6.18%,7,29290,1836,6.27%,30369,1853,6.10%,-2.7%,19.9%,0.845289757,0.397949078,-2.7%
728,72,6.59%,6.18%,8,32195,2154,6.69%,32115,1977,6.16%,-8.0%,0.3%,2.764185609,0.005706507,-8.0%
729,72,6.59%,6.18%,9,26105,1640,6.28%,24074,1539,6.39%,1.8%,69.4%,-0.507501507,0.611802979,1.8%
730,73,5.35%,5.41%,0,45823,2455,5.36%,44453,2400,5.40%,0.8%,60.9%,-0.275605752,0.782850892,0.8%
731,73,5.35%,5.41%,1,39319,2173,5.53%,39284,2204,5.61%,1.5%,69.6%,-0.512501527,0.608300052,1.5%
732,73,5.35%,5.41%,2,8513,467,5.49%,8159,498,6.10%,11.2%,95.6%,-1.708066406,0.087624022,11.3%
733,73,5.35%,5.41%,3,42729,2353,5.51%,40338,2268,5.62%,2.1%,76.7%,-0.727076517,0.467179084,2.1%
734,73,5.35%,5.41%,4,33973,1798,5.29%,33405,1788,5.35%,1.1%,63.6%,-0.34720474,0.72843751,1.1%
735,73,5.35%,5.41%,5,5645,293,5.19%,5589,286,5.12%,-1.4%,43.0%,0.17554794,0.860649105,-1.4%
736,73,5.35%,5.41%,6,25885,1438,5.56%,27375,1478,5.40%,-2.8%,21.4%,0.792256362,0.428211211,-2.8%
737,73,5.35%,5.41%,7,36215,1958,5.41%,37138,2039,5.49%,1.5%,69.1%,-0.49952191,0.617411755,1.5%
738,73,5.35%,5.41%,8,46816,2563,5.47%,45613,2398,5.26%,-4.0%,7.1%,1.465878104,0.142681498,-4.0%
739,73,5.35%,5.41%,9,29810,1605,5.38%,31547,1684,5.34%,-0.9%,40.0%,0.253019642,0.800253035,-0.9%
740,74,4.46%,4.53%,0,48467,2168,4.47%,46963,2090,4.45%,-0.5%,43.2%,0.170807032,0.864375499,-0.5%
741,74,4.46%,4.53%,1,29056,1309,4.51%,28617,1310,4.58%,1.6%,66.2%,-0.418716745,0.675423156,1.6%
742,74,4.46%,4.53%,2,12415,590,4.75%,13011,586,4.50%,-5.2%,17.3%,0.942800813,0.345782796,-5.2%
743,74,4.46%,4.53%,3,25088,1099,4.38%,24718,1102,4.46%,1.8%,66.3%,-0.42190664,0.673093163,1.8%
744,74,4.46%,4.53%,4,7096,298,4.20%,6466,299,4.62%,10.1%,88.6%,-1.204018043,0.228582605,10.1%
745,74,4.46%,4.53%,5,13594,621,4.57%,12510,612,4.89%,7.1%,89.1%,-1.232341871,0.217821405,7.1%
746,74,4.46%,4.53%,6,681,29,4.26%,704,31,4.40%,3.2%,55.1%,-0.132484857,0.8946008,3.4%
747,74,4.46%,4.53%,7,3874,179,4.62%,3991,181,4.54%,-1.9%,42.8%,0.181055402,0.85632409,-1.8%
748,74,4.46%,4.53%,8,37340,1581,4.23%,39528,1835,4.64%,9.6%,99.7%,-2.744979059,0.006051476,9.6%
749,74,4.46%,4.53%,9,42072,1860,4.42%,42295,1965,4.65%,5.1%,94.2%,-1.57029051,0.116347541,5.1%
750,75,5.67%,5.57%,0,34981,2011,5.75%,39364,2146,5.45%,-5.2%,3.9%,1.760154451,0.078381623,-5.2%
751,75,5.67%,5.57%,1,19367,1129,5.83%,18346,1024,5.58%,-4.2%,15.0%,1.037124525,0.299677827,-4.3%
752,75,5.67%,5.57%,2,14871,856,5.76%,15543,821,5.28%,-8.2%,3.5%,1.810549551,0.070210608,-8.2%
753,75,5.67%,5.57%,3,5912,328,5.55%,5813,317,5.45%,-1.7%,41.1%,0.224969535,0.822002975,-1.7%
754,75,5.67%,5.57%,4,42858,2504,5.84%,41575,2312,5.56%,-4.8%,3.9%,1.763373945,0.077837441,-4.8%
755,75,5.67%,5.57%,5,34462,2013,5.84%,35775,2005,5.60%,-4.1%,8.8%,1.35059697,0.176824572,-4.1%
756,75,5.67%,5.57%,6,24740,1428,5.77%,21986,1215,5.53%,-4.2%,12.6%,1.147951956,0.250988398,-4.3%
757,75,5.67%,5.57%,7,21266,1329,6.25%,22248,1189,5.34%,-14.5%,0.0%,4.042094105,5.30E-05,-14.5%
758,75,5.67%,5.57%,8,10624,586,5.52%,10988,589,5.36%,-2.8%,30.7%,0.503767917,0.614424476,-2.8%
759,75,5.67%,5.57%,9,16531,929,5.62%,17094,964,5.64%,0.3%,53.1%,-0.078195598,0.937672463,0.3%
760,76,5.28%,5.28%,0,15254,830,5.44%,16041,866,5.40%,-0.8%,43.4%,0.16610676,0.868072935,-0.8%
761,76,5.28%,5.28%,1,5158,279,5.41%,4628,247,5.34%,-1.3%,43.9%,0.157667327,0.874718948,-1.3%
762,76,5.28%,5.28%,2,36928,2026,5.49%,34936,1760,5.04%,-8.2%,0.4%,2.69032778,0.007138187,-8.2%
763,76,5.28%,5.28%,3,49774,2542,5.11%,48626,2487,5.11%,0.1%,52.1%,-0.053154928,0.957608467,0.1%
764,76,5.28%,5.28%,4,13144,725,5.52%,13266,674,5.08%,-7.9%,5.7%,1.578701173,0.114404616,-7.9%
765,76,5.28%,5.28%,5,22943,1250,5.45%,24339,1272,5.23%,-4.1%,14.1%,1.074148949,0.282755929,-4.1%
766,76,5.28%,5.28%,6,7975,394,4.94%,8012,397,4.96%,0.3%,51.7%,-0.042644893,0.965984609,0.3%
767,76,5.28%,5.28%,7,42853,2310,5.39%,38273,2013,5.26%,-2.4%,20.4%,0.828901485,0.407160155,-2.4%
768,76,5.28%,5.28%,8,7058,362,5.13%,7259,333,4.59%,-10.5%,6.6%,1.507333267,0.131725255,-10.6%
769,76,5.28%,5.28%,9,49952,2647,5.30%,50951,2664,5.23%,-1.3%,30.8%,0.501655592,0.615909807,-1.3%
770,77,2.92%,2.93%,0,46439,1300,2.80%,42682,1281,3.00%,7.2%,96.4%,-1.795455715,0.072581122,7.2%
771,77,2.92%,2.93%,1,29333,804,2.74%,28613,892,3.12%,13.7%,99.6%,-2.688375786,0.007180054,13.7%
772,77,2.92%,2.93%,2,47097,1307,2.78%,46862,1341,2.86%,3.1%,78.8%,-0.800794007,0.423250909,3.1%
773,77,2.92%,2.93%,3,8240,247,3.00%,8551,235,2.75%,-8.3%,16.7%,0.967371709,0.333358247,-8.3%
774,77,2.92%,2.93%,4,28280,818,2.89%,27800,812,2.92%,1.0%,57.9%,-0.199883117,0.841571995,1.0%
775,77,2.92%,2.93%,5,18916,506,2.67%,19971,613,3.07%,14.7%,99.0%,-2.325679891,0.020035634,14.7%
776,77,2.92%,2.93%,6,29028,824,2.84%,29269,905,3.09%,8.9%,96.4%,-1.803050862,0.071380227,8.9%
777,77,2.92%,2.93%,7,38938,1120,2.88%,41431,1234,2.98%,3.5%,80.4%,-0.857701051,0.391057559,3.5%
778,77,2.92%,2.93%,8,47109,1405,2.98%,47742,1386,2.90%,-2.7%,23.5%,0.722943376,0.469714673,-2.7%
779,77,2.92%,2.93%,9,30108,842,2.80%,29221,854,2.92%,4.5%,82.1%,-0.920439053,0.357343369,4.5%
780,78,3.76%,3.67%,0,15844,575,3.63%,15903,589,3.70%,2.1%,63.8%,-0.353483255,0.72372618,2.1%
781,78,3.76%,3.67%,1,44712,1657,3.71%,46873,1733,3.70%,-0.2%,47.2%,0.069834859,0.944325101,-0.2%
782,78,3.76%,3.67%,2,36868,1427,3.87%,35973,1355,3.77%,-2.7%,23.2%,0.731143501,0.464691506,-2.7%
783,78,3.76%,3.67%,3,16268,663,4.08%,15197,555,3.65%,-10.4%,2.6%,1.945791162,0.051679831,-10.4%
784,78,3.76%,3.67%,4,33447,1242,3.71%,36384,1263,3.47%,-6.5%,4.3%,1.71804474,0.085788455,-6.5%
785,78,3.76%,3.67%,5,40929,1503,3.67%,43963,1636,3.72%,1.3%,64.7%,-0.378800969,0.704835668,1.3%
786,78,3.76%,3.67%,6,16185,630,3.89%,17506,628,3.59%,-7.8%,7.0%,1.476007236,0.13994195,-7.8%
787,78,3.76%,3.67%,7,32462,1248,3.84%,32223,1179,3.66%,-4.8%,10.7%,1.242109272,0.214196248,-4.8%
788,78,3.76%,3.67%,8,9963,360,3.61%,11219,396,3.53%,-2.3%,37.1%,0.327516536,0.743277238,-2.3%
789,78,3.76%,3.67%,9,49773,1982,3.98%,50680,1869,3.69%,-7.4%,0.8%,2.42833568,0.015168297,-7.4%
790,79,1.40%,1.46%,0,29730,392,1.32%,31112,455,1.46%,10.9%,93.5%,-1.514605059,0.12987245,10.9%
791,79,1.40%,1.46%,1,32986,449,1.36%,34156,508,1.49%,9.2%,91.6%,-1.378191126,0.168144286,9.3%
792,79,1.40%,1.46%,2,23282,306,1.31%,24003,372,1.55%,17.8%,98.4%,-2.153424448,0.031285336,17.9%
793,79,1.40%,1.46%,3,12454,175,1.41%,10598,143,1.35%,-3.9%,36.1%,0.36238389,0.717065177,-4.0%
794,79,1.40%,1.46%,4,2759,39,1.41%,3060,46,1.50%,5.9%,60.9%,-0.284822706,0.775779975,6.3%
795,79,1.40%,1.46%,5,24175,380,1.57%,26144,391,1.50%,-4.9%,24.3%,0.696256477,0.486268224,-4.9%
796,79,1.40%,1.46%,6,1425,15,1.05%,1352,17,1.26%,18.6%,69.2%,-0.505350856,0.613312429,19.5%
797,79,1.40%,1.46%,7,10394,125,1.20%,9507,130,1.37%,13.7%,84.9%,-1.032503696,0.301836217,13.7%
798,79,1.40%,1.46%,8,26677,386,1.45%,25293,376,1.49%,2.7%,64.7%,-0.37575987,0.707095424,2.7%
799,79,1.40%,1.46%,9,10882,154,1.42%,11774,176,1.49%,5.5%,69.0%,-0.499880547,0.61715919,5.6%
800,80,4.67%,4.60%,0,35711,1586,4.44%,35006,1644,4.70%,5.7%,94.8%,-1.624736638,0.104218687,5.7%
801,80,4.67%,4.60%,1,44049,2113,4.80%,43968,1952,4.44%,-7.4%,0.6%,2.525534951,0.011552229,-7.4%
802,80,4.67%,4.60%,2,7033,341,4.85%,6735,312,4.63%,-4.4%,27.6%,0.596206561,0.551037243,-4.5%
803,80,4.67%,4.60%,3,1894,95,5.02%,1717,94,5.47%,9.1%,73.3%,-0.61825215,0.536409139,9.1%
804,80,4.67%,4.60%,4,32250,1491,4.62%,34667,1602,4.62%,-0.1%,49.4%,0.013213572,0.989457402,0.0%
805,80,4.67%,4.60%,5,24623,1193,4.85%,23220,1164,5.01%,3.5%,80.2%,-0.847871178,0.396509718,3.5%
806,80,4.67%,4.60%,6,30440,1411,4.64%,32355,1489,4.60%,-0.7%,42.1%,0.198568931,0.842599959,-0.7%
807,80,4.67%,4.60%,7,27465,1277,4.65%,26291,1268,4.82%,3.7%,82.8%,-0.946244646,0.344023819,3.7%
808,80,4.67%,4.60%,8,48424,2288,4.72%,46493,2164,4.65%,-1.5%,30.4%,0.513281789,0.607754221,-1.5%
809,80,4.67%,4.60%,9,15209,690,4.54%,13778,598,4.34%,-4.3%,20.9%,0.810951076,0.417393767,-4.3%
810,81,3.22%,3.37%,0,22479,784,3.49%,24396,832,3.41%,-2.2%,32.3%,0.458300126,0.646736833,-2.2%
811,81,3.22%,3.37%,1,41040,1335,3.25%,40787,1369,3.36%,3.2%,79.6%,-0.828431152,0.40742637,3.2%
812,81,3.22%,3.37%,2,46847,1568,3.35%,54049,1828,3.38%,1.0%,62.0%,-0.307876566,0.758176258,1.0%
813,81,3.22%,3.37%,3,39691,1342,3.38%,42068,1449,3.44%,1.9%,69.1%,-0.498214731,0.6183327,1.9%
814,81,3.22%,3.37%,4,16401,495,3.02%,16663,536,3.22%,6.6%,85.0%,-1.038815515,0.298890544,6.6%
815,81,3.22%,3.37%,5,48103,1522,3.16%,51135,1707,3.34%,5.5%,93.9%,-1.545570565,0.122208315,5.5%
816,81,3.22%,3.37%,6,17571,564,3.21%,16518,573,3.47%,8.1%,90.9%,-1.331511071,0.183020904,8.1%
817,81,3.22%,3.37%,7,40535,1288,3.18%,38185,1312,3.44%,8.1%,97.9%,-2.027523496,0.042608904,8.1%
818,81,3.22%,3.37%,8,33681,1090,3.24%,33568,1112,3.31%,2.4%,71.1%,-0.556872203,0.577614748,2.4%
819,81,3.22%,3.37%,9,48777,1574,3.23%,43487,1513,3.48%,7.8%,98.3%,-2.127032828,0.033417356,7.8%
820,82,6.79%,6.54%,0,21962,1472,6.70%,21747,1430,6.58%,-1.9%,29.7%,0.532662265,0.594267392,-1.9%
821,82,6.79%,6.54%,1,38646,2656,6.87%,38681,2555,6.61%,-3.9%,6.9%,1.482640896,0.138169845,-3.9%
822,82,6.79%,6.54%,2,2086,138,6.62%,2100,122,5.81%,-12.1%,14.0%,1.080299335,0.280008906,-12.2%
823,82,6.79%,6.54%,3,4546,299,6.58%,4462,306,6.86%,4.3%,70.3%,-0.532159757,0.594615353,4.3%
824,82,6.79%,6.54%,4,27141,1860,6.85%,27255,1784,6.55%,-4.5%,7.6%,1.434387597,0.151461685,-4.5%
825,82,6.79%,6.54%,5,18727,1245,6.65%,16954,1083,6.39%,-3.9%,16.0%,0.994200328,0.320125349,-3.9%
826,82,6.79%,6.54%,6,36599,2476,6.77%,36799,2419,6.57%,-2.8%,14.9%,1.040648511,0.298038708,-2.8%
827,82,6.79%,6.54%,7,11280,752,6.67%,11319,704,6.22%,-6.7%,8.6%,1.368616134,0.171119298,-6.7%
828,82,6.79%,6.54%,8,13683,910,6.65%,13153,842,6.40%,-3.7%,20.5%,0.825482665,0.409097621,-3.7%
829,82,6.79%,6.54%,9,23870,1670,7.00%,22713,1417,6.24%,-10.8%,0.1%,3.285288667,0.001018779,-10.8%
830,83,3.24%,3.24%,0,22882,793,3.47%,22878,696,3.04%,-12.2%,0.5%,2.552258089,0.01070272,-12.2%
831,83,3.24%,3.24%,1,35827,1133,3.16%,36029,1222,3.39%,7.2%,95.8%,-1.726085611,0.084332012,7.3%
832,83,3.24%,3.24%,2,31667,973,3.07%,32839,1044,3.18%,3.5%,78.1%,-0.777297103,0.436983504,3.5%
833,83,3.24%,3.24%,3,30320,972,3.21%,28891,934,3.23%,0.8%,57.4%,-0.186307635,0.85220352,0.8%
834,83,3.24%,3.24%,4,5541,183,3.30%,6074,181,2.98%,-9.8%,15.9%,0.99711599,0.318708212,-9.8%
835,83,3.24%,3.24%,5,43769,1416,3.24%,45858,1457,3.18%,-1.8%,31.1%,0.492470836,0.622386534,-1.8%
836,83,3.24%,3.24%,6,34695,1129,3.25%,35836,1176,3.28%,0.8%,58.1%,-0.205691589,0.837031829,0.8%
837,83,3.24%,3.24%,7,45482,1473,3.24%,46076,1477,3.21%,-1.0%,38.8%,0.283333583,0.776921136,-1.0%
838,83,3.24%,3.24%,8,726,21,2.89%,716,20,2.79%,-3.2%,45.6%,0.113395681,0.909716864,-3.4%
839,83,3.24%,3.24%,9,20081,662,3.30%,20232,634,3.13%,-4.9%,17.7%,0.927662277,0.353582782,-4.9%
840,84,2.60%,2.62%,0,48203,1255,2.60%,46524,1265,2.72%,4.4%,86.5%,-1.103927425,0.269624621,4.4%
841,84,2.60%,2.62%,1,17183,434,2.53%,16638,441,2.65%,4.9%,76.5%,-0.722813122,0.469794704,4.9%
842,84,2.60%,2.62%,2,39570,1004,2.54%,42284,1119,2.65%,4.3%,83.7%,-0.98149543,0.326348487,4.3%
843,84,2.60%,2.62%,3,25400,648,2.55%,26721,694,2.60%,1.8%,63.0%,-0.331623067,0.740173899,1.8%
844,84,2.60%,2.62%,4,46090,1201,2.61%,52495,1401,2.67%,2.4%,73.1%,-0.61621398,0.537753303,2.4%
845,84,2.60%,2.62%,5,2832,67,2.37%,2463,71,2.88%,21.7%,88.1%,-1.177425287,0.239025802,21.8%
846,84,2.60%,2.62%,6,11343,279,2.46%,11182,295,2.64%,7.2%,80.2%,-0.849993176,0.39532888,7.3%
847,84,2.60%,2.62%,7,12910,324,2.51%,11990,291,2.43%,-3.3%,33.8%,0.419914276,0.674548079,-3.3%
848,84,2.60%,2.62%,8,26052,693,2.66%,27230,713,2.62%,-1.6%,38.2%,0.299677432,0.764423214,-1.6%
849,84,2.60%,2.62%,9,14550,385,2.65%,14897,366,2.46%,-7.1%,15.2%,1.029533524,0.303229035,-7.1%
850,85,6.98%,6.87%,0,19055,1362,7.15%,17876,1229,6.88%,-3.8%,15.3%,1.024971741,0.305376522,-3.8%
851,85,6.98%,6.87%,1,25893,1886,7.28%,26813,1767,6.59%,-9.5%,0.1%,3.134944754,0.001718865,-9.5%
852,85,6.98%,6.87%,2,47066,3342,7.10%,42101,3004,7.14%,0.5%,58.0%,-0.20035318,0.841204374,0.5%
853,85,6.98%,6.87%,3,4536,294,6.48%,4313,315,7.30%,12.7%,93.7%,-1.526803863,0.126809791,12.7%
854,85,6.98%,6.87%,4,1317,90,6.83%,1266,97,7.66%,12.0%,79.1%,-0.811989629,0.416797583,12.1%
855,85,6.98%,6.87%,5,45160,3100,6.86%,43404,3000,6.91%,0.7%,61.0%,-0.278003582,0.781009609,0.7%
856,85,6.98%,6.87%,6,9263,635,6.86%,8453,578,6.84%,-0.2%,48.2%,0.045860198,0.963421678,-0.3%
857,85,6.98%,6.87%,7,38200,2719,7.12%,39541,2728,6.90%,-3.1%,11.6%,1.193896433,0.232518483,-3.1%
858,85,6.98%,6.87%,8,42746,2935,6.87%,46922,3296,7.02%,2.3%,82.4%,-0.930965339,0.351871494,2.3%
859,85,6.98%,6.87%,9,33780,2352,6.96%,34774,2452,7.05%,1.3%,67.5%,-0.454043817,0.64979729,1.3%
860,86,3.33%,3.17%,0,29819,969,3.25%,31440,1000,3.18%,-2.1%,31.4%,0.483568535,0.62869211,-2.1%
861,86,3.33%,3.17%,1,6644,222,3.34%,6751,199,2.95%,-11.7%,9.6%,1.305574253,0.191697381,-11.8%
862,86,3.33%,3.17%,2,28444,1044,3.67%,32261,1061,3.29%,-10.4%,0.5%,2.56415842,0.010342633,-10.4%
863,86,3.33%,3.17%,3,11792,407,3.45%,9865,280,2.84%,-17.7%,0.5%,2.564179739,0.010341997,-17.8%
864,86,3.33%,3.17%,4,48260,1626,3.37%,47607,1460,3.07%,-9.0%,0.4%,2.652920294,0.007979871,-9.0%
865,86,3.33%,3.17%,5,34421,1159,3.37%,31811,1022,3.21%,-4.6%,13.3%,1.112515206,0.265916696,-4.6%
866,86,3.33%,3.17%,6,4390,164,3.74%,4170,125,3.00%,-19.6%,3.0%,1.889994062,0.058758754,-19.8%
867,86,3.33%,3.17%,7,6744,208,3.08%,7124,209,2.93%,-4.9%,30.2%,0.518627016,0.604020866,-4.9%
868,86,3.33%,3.17%,8,43292,1437,3.32%,36747,1154,3.14%,-5.4%,7.7%,1.425292536,0.154072657,-5.4%
869,86,3.33%,3.17%,9,7990,258,3.23%,7295,209,2.86%,-11.2%,9.6%,1.306287671,0.191454748,-11.3%
870,87,5.66%,5.24%,0,15997,879,5.49%,16145,823,5.10%,-7.2%,5.6%,1.590051676,0.111823157,-7.2%
871,87,5.66%,5.24%,1,43398,2482,5.72%,41825,2209,5.28%,-7.6%,0.3%,2.800391611,0.005104065,-7.7%
872,87,5.66%,5.24%,2,43957,2496,5.68%,46064,2467,5.36%,-5.7%,1.7%,2.120385607,0.033973539,-5.7%
873,87,5.66%,5.24%,3,1309,99,7.56%,1348,64,4.75%,-36.9%,0.1%,3.02333032,0.002500092,-37.2%
874,87,5.66%,5.24%,4,4830,276,5.71%,5230,292,5.58%,-2.3%,38.7%,0.284650451,0.775911955,-2.3%
875,87,5.66%,5.24%,5,20935,1222,5.84%,22415,1184,5.28%,-9.5%,0.6%,2.521748323,0.011677322,-9.5%
876,87,5.66%,5.24%,6,38850,2159,5.56%,40574,2188,5.39%,-3.0%,15.4%,1.019819995,0.307813839,-3.0%
877,87,5.66%,5.24%,7,21730,1232,5.67%,20305,1106,5.45%,-3.9%,16.0%,0.995296739,0.319591964,-3.9%
878,87,5.66%,5.24%,8,8740,482,5.51%,8977,466,5.19%,-5.9%,16.9%,0.957582581,0.338273286,-5.9%
879,87,5.66%,5.24%,9,12285,686,5.58%,11111,571,5.14%,-7.9%,6.6%,1.507449131,0.131695573,-8.0%
880,88,3.48%,3.72%,0,8980,332,3.70%,9271,314,3.39%,-8.4%,12.8%,1.133838745,0.256862195,-8.4%
881,88,3.48%,3.72%,1,41348,1426,3.45%,46187,1750,3.79%,9.8%,99.6%,-2.686992113,0.007209866,9.9%
882,88,3.48%,3.72%,2,30276,1036,3.42%,31741,1211,3.82%,11.5%,99.6%,-2.620648638,0.008776266,11.5%
883,88,3.48%,3.72%,3,29264,991,3.39%,30163,1115,3.70%,9.1%,98.0%,-2.044597059,0.0408946,9.2%
884,88,3.48%,3.72%,4,22669,818,3.61%,23740,866,3.65%,1.1%,58.9%,-0.226883992,0.82051395,1.1%
885,88,3.48%,3.72%,5,39429,1319,3.35%,38890,1396,3.59%,7.3%,96.9%,-1.869089466,0.061610368,7.3%
886,88,3.48%,3.72%,6,11388,420,3.69%,10848,389,3.59%,-2.8%,34.3%,0.406752771,0.684189578,-2.8%
887,88,3.48%,3.72%,7,35929,1222,3.40%,35780,1296,3.62%,6.5%,94.6%,-1.607443666,0.107957078,6.5%
888,88,3.48%,3.72%,8,46300,1578,3.41%,46845,1669,3.56%,4.5%,90.1%,-1.286212159,0.198369029,4.5%
889,88,3.48%,3.72%,9,3787,123,3.25%,4241,144,3.40%,4.4%,64.2%,-0.367858512,0.712978737,4.5%
890,89,7.70%,8.01%,0,24750,1922,7.77%,27832,2126,7.64%,-1.6%,29.2%,0.545163669,0.585640957,-1.6%
891,89,7.70%,8.01%,1,20291,1590,7.84%,18986,1559,8.21%,4.8%,91.4%,-1.36879802,0.17106242,4.8%
892,89,7.70%,8.01%,2,25135,2014,8.01%,23443,1861,7.94%,-0.9%,38.2%,0.302141915,0.762543881,-0.9%
893,89,7.70%,8.01%,3,32890,2554,7.77%,33243,2777,8.35%,7.6%,99.7%,-2.7788886,0.005454523,7.6%
894,89,7.70%,8.01%,4,14786,1177,7.96%,14096,1178,8.36%,5.0%,89.1%,-1.231578805,0.218106462,5.0%
895,89,7.70%,8.01%,5,3749,276,7.36%,3775,270,7.15%,-2.8%,36.3%,0.350480563,0.725978075,-2.8%
896,89,7.70%,8.01%,6,1673,119,7.11%,1598,133,8.32%,16.9%,90.3%,-1.297197478,0.194563248,17.0%
897,89,7.70%,8.01%,7,137,9,6.57%,125,5,4.00%,-34.3%,18.9%,0.923630305,0.35567883,-39.1%
898,89,7.70%,8.01%,8,14809,1139,7.69%,14547,1196,8.22%,6.9%,95.3%,-1.67908505,0.093135469,6.9%
899,89,7.70%,8.01%,9,20053,1512,7.54%,20370,1634,8.02%,6.4%,96.5%,-1.807046673,0.070755002,6.4%
900,90,3.87%,3.94%,0,44465,1792,4.03%,44799,1760,3.93%,-2.5%,21.9%,0.775517408,0.438033983,-2.5%
901,90,3.87%,3.94%,1,30526,1169,3.83%,28866,1170,4.05%,5.8%,91.9%,-1.400820647,0.161267713,5.8%
902,90,3.87%,3.94%,2,24372,954,3.91%,24515,928,3.79%,-3.3%,23.0%,0.740622773,0.458922196,-3.3%
903,90,3.87%,3.94%,3,7318,274,3.74%,7351,272,3.70%,-1.2%,44.4%,0.140804345,0.888024511,-1.2%
904,90,3.87%,3.94%,4,35894,1406,3.92%,33390,1304,3.91%,-0.3%,46.9%,0.079567273,0.936581425,-0.3%
905,90,3.87%,3.94%,5,29942,1230,4.11%,34338,1380,4.02%,-2.2%,28.4%,0.570747423,0.568170867,-2.2%
906,90,3.87%,3.94%,6,32572,1275,3.91%,31284,1242,3.97%,1.4%,64.1%,-0.361442075,0.717769,1.4%
907,90,3.87%,3.94%,7,5637,218,3.87%,5220,209,4.00%,3.5%,64.3%,-0.365656942,0.714621079,3.5%
908,90,3.87%,3.94%,8,27674,1116,4.03%,27680,1070,3.87%,-4.1%,15.7%,1.00905171,0.312949835,-4.1%
909,90,3.87%,3.94%,9,41322,1618,3.92%,41782,1654,3.96%,1.1%,62.5%,-0.319081538,0.749664683,1.1%
910,91,7.74%,8.34%,0,13407,1059,7.90%,14506,1181,8.14%,3.1%,77.2%,-0.745368783,0.45604881,3.1%
911,91,7.74%,8.34%,1,7132,548,7.68%,7339,585,7.97%,3.7%,74.0%,-0.643504025,0.519897104,3.7%
912,91,7.74%,8.34%,2,41512,3211,7.74%,43174,3469,8.03%,3.9%,94.7%,-1.618102037,0.10564061,3.9%
913,91,7.74%,8.34%,3,4096,344,8.40%,4247,348,8.19%,-2.4%,36.7%,0.338446184,0.735026976,-2.4%
914,91,7.74%,8.34%,4,24874,1996,8.02%,22585,1839,8.14%,1.5%,68.2%,-0.471578933,0.637227367,1.5%
915,91,7.74%,8.34%,5,18989,1456,7.67%,19678,1680,8.54%,11.3%,99.9%,-3.132328972,0.001734254,11.3%
916,91,7.74%,8.34%,6,12948,1009,7.79%,13170,1093,8.30%,6.5%,93.4%,-1.504314924,0.132500298,6.5%
917,91,7.74%,8.34%,7,9857,750,7.61%,9805,801,8.17%,7.4%,92.8%,-1.457823686,0.144889148,7.4%
918,91,7.74%,8.34%,8,35048,2725,7.78%,36361,2977,8.19%,5.3%,97.9%,-2.031943947,0.042159331,5.3%
919,91,7.74%,8.34%,9,28343,2199,7.76%,30645,2516,8.21%,5.8%,97.8%,-2.02080324,0.043300137,5.8%
920,92,1.97%,1.77%,0,31365,627,2.00%,33687,583,1.73%,-13.4%,0.6%,2.531802169,0.0113478,-13.4%
921,92,1.97%,1.77%,1,44624,875,1.96%,47945,817,1.70%,-13.1%,0.2%,2.914363085,0.003564151,-13.1%
922,92,1.97%,1.77%,2,20287,412,2.03%,21032,381,1.81%,-10.8%,5.2%,1.624510221,0.104266961,-10.8%
923,92,1.97%,1.77%,3,16443,336,2.04%,17710,290,1.64%,-19.8%,0.3%,2.794349021,0.005200432,-19.9%
924,92,1.97%,1.77%,4,10831,210,1.94%,10546,166,1.57%,-18.7%,2.1%,2.028707331,0.042488109,-18.8%
925,92,1.97%,1.77%,5,6690,139,2.08%,6888,115,1.67%,-19.5%,4.0%,1.754976632,0.079263305,-19.6%
926,92,1.97%,1.77%,6,20060,391,1.95%,20586,363,1.76%,-9.5%,8.3%,1.388097952,0.16510722,-9.5%
927,92,1.97%,1.77%,7,29601,591,2.00%,29295,515,1.76%,-11.9%,1.6%,2.132621838,0.03295576,-11.9%
928,92,1.97%,1.77%,8,38997,773,1.98%,40302,663,1.65%,-17.0%,0.0%,3.559260553,0.0003719,-17.0%
929,92,1.97%,1.77%,9,35960,741,2.06%,39525,697,1.76%,-14.4%,0.1%,2.983084213,0.002853595,-14.4%
930,93,4.28%,4.57%,0,30012,1286,4.28%,29907,1427,4.77%,11.3%,99.8%,-2.863902579,0.004184567,11.4%
931,93,4.28%,4.57%,1,26275,1203,4.58%,29256,1391,4.75%,3.8%,83.7%,-0.981749778,0.326223136,3.8%
932,93,4.28%,4.57%,2,4974,181,3.64%,4813,207,4.30%,18.1%,95.3%,-1.677801739,0.09338581,18.2%
933,93,4.28%,4.57%,3,9138,358,3.92%,9047,429,4.74%,21.0%,99.7%,-2.731043286,0.006313418,21.0%
934,93,4.28%,4.57%,4,10225,434,4.24%,10471,465,4.44%,4.6%,75.6%,-0.692776856,0.488449599,4.6%
935,93,4.28%,4.57%,5,2570,107,4.16%,2597,101,3.89%,-6.5%,30.8%,0.501594305,0.615952926,-6.6%
936,93,4.28%,4.57%,6,12245,536,4.38%,11565,510,4.41%,0.8%,54.9%,-0.122527191,0.902481513,0.7%
937,93,4.28%,4.57%,7,33690,1444,4.29%,31887,1408,4.42%,3.0%,79.2%,-0.812370785,0.416578905,3.0%
938,93,4.28%,4.57%,8,24228,1020,4.21%,25643,1193,4.65%,10.5%,99.2%,-2.397517091,0.016506611,10.5%
939,93,4.28%,4.57%,9,44604,1923,4.31%,44649,2063,4.62%,7.2%,98.7%,-2.236150082,0.025341942,7.2%
940,94,3.93%,4.10%,0,9385,332,3.54%,9501,388,4.08%,15.4%,97.5%,-1.959945776,0.050002128,15.4%
941,94,3.93%,4.10%,1,2442,79,3.24%,2485,112,4.51%,38.8%,99.0%,-2.312534065,0.02074827,39.3%
942,94,3.93%,4.10%,2,24449,988,4.04%,25549,1039,4.07%,0.6%,55.7%,-0.145255027,0.884509521,0.6%
943,94,3.93%,4.10%,3,47452,1824,3.84%,47851,1888,3.95%,2.6%,79.1%,-0.811339562,0.417170697,2.6%
944,94,3.93%,4.10%,4,10516,447,4.25%,9970,412,4.13%,-2.8%,33.7%,0.422130618,0.672929681,-2.8%
945,94,3.93%,4.10%,5,37493,1394,3.72%,37002,1532,4.14%,11.4%,99.8%,-2.966619016,0.003010938,11.4%
946,94,3.93%,4.10%,6,28257,1091,3.86%,29043,1177,4.05%,5.0%,88.0%,-1.176186033,0.239520545,5.0%
947,94,3.93%,4.10%,7,21688,849,3.91%,22423,917,4.09%,4.5%,82.5%,-0.936983794,0.348766894,4.5%
948,94,3.93%,4.10%,8,15641,603,3.86%,14877,605,4.07%,5.5%,82.8%,-0.946866758,0.343706679,5.5%
949,94,3.93%,4.10%,9,31487,1246,3.96%,35559,1437,4.04%,2.1%,71.0%,-0.553715008,0.579773903,2.1%
950,95,7.11%,7.71%,0,23223,1651,7.11%,23065,1787,7.75%,9.0%,99.6%,-2.618741887,0.00882547,9.0%
951,95,7.11%,7.71%,1,4977,329,6.61%,4828,361,7.48%,13.1%,95.3%,-1.677689014,0.093407825,13.1%
952,95,7.11%,7.71%,2,8708,627,7.20%,8797,669,7.60%,5.6%,84.7%,-1.022213847,0.306679699,5.6%
953,95,7.11%,7.71%,3,31886,2291,7.18%,32124,2539,7.90%,10.0%,100.0%,-3.442481194,0.000576404,10.0%
954,95,7.11%,7.71%,4,34708,2505,7.22%,35111,2618,7.46%,3.3%,88.7%,-1.210915446,0.225927812,3.3%
955,95,7.11%,7.71%,5,42632,3047,7.15%,44043,3393,7.70%,7.8%,99.9%,-3.123836984,0.001785093,7.8%
956,95,7.11%,7.71%,6,6638,434,6.54%,6793,540,7.95%,21.5%,99.9%,-3.152971468,0.001616176,21.6%
957,95,7.11%,7.71%,7,35207,2536,7.20%,32600,2525,7.75%,7.5%,99.6%,-2.684587607,0.007261935,7.5%
958,95,7.11%,7.71%,8,7885,599,7.60%,7903,616,7.79%,2.6%,67.9%,-0.46626931,0.641022743,2.6%
959,95,7.11%,7.71%,9,1942,153,7.88%,1936,159,8.21%,4.2%,64.9%,-0.38273125,0.701919041,4.2%
960,96,7.70%,7.06%,0,18524,1388,7.49%,18536,1273,6.87%,-8.3%,1.0%,2.331293847,0.01973787,-8.3%
961,96,7.70%,7.06%,1,41035,3133,7.63%,36932,2678,7.25%,-5.0%,2.1%,2.037306592,0.041619328,-5.0%
962,96,7.70%,7.06%,2,47002,3561,7.58%,43512,3081,7.08%,-6.5%,0.2%,2.856132127,0.004288366,-6.5%
963,96,7.70%,7.06%,3,28439,2211,7.77%,31610,2208,6.99%,-10.2%,0.0%,3.699175323,0.000216301,-10.2%
964,96,7.70%,7.06%,4,20249,1535,7.58%,20724,1413,6.82%,-10.1%,0.1%,2.98603209,0.00282623,-10.1%
965,96,7.70%,7.06%,5,4961,389,7.84%,4478,338,7.55%,-3.7%,29.8%,0.533397854,0.593758203,-3.7%
966,96,7.70%,7.06%,6,5186,388,7.48%,5387,404,7.50%,0.2%,51.4%,-0.034864352,0.972187906,0.2%
967,96,7.70%,7.06%,7,24437,1920,7.86%,22913,1645,7.18%,-8.6%,0.3%,2.792613457,0.005228413,-8.6%
968,96,7.70%,7.06%,8,19177,1486,7.75%,19818,1448,7.31%,-5.7%,4.9%,1.655648319,0.097793059,-5.7%
969,96,7.70%,7.06%,9,34115,2585,7.58%,35156,2574,7.32%,-3.4%,10.0%,1.281322486,0.200080418,-3.4%
970,97,1.95%,1.88%,0,36419,724,1.99%,35510,688,1.94%,-2.5%,31.3%,0.488023014,0.62553354,-2.5%
971,97,1.95%,1.88%,1,44114,808,1.83%,37506,705,1.88%,2.6%,69.5%,-0.507524717,0.611786698,2.6%
972,97,1.95%,1.88%,2,33202,637,1.92%,33030,625,1.89%,-1.4%,40.2%,0.247912726,0.804201933,-1.4%
973,97,1.95%,1.88%,3,20271,399,1.97%,21891,398,1.82%,-7.6%,12.9%,1.131730641,0.257747695,-7.6%
974,97,1.95%,1.88%,4,48763,894,1.83%,54455,1017,1.87%,1.9%,65.8%,-0.407402289,0.683712546,1.9%
975,97,1.95%,1.88%,5,9336,183,1.96%,9346,173,1.85%,-5.5%,29.3%,0.54531929,0.585533939,-5.6%
976,97,1.95%,1.88%,6,28357,558,1.97%,26985,517,1.92%,-2.6%,33.0%,0.442100662,0.658416365,-2.6%
977,97,1.95%,1.88%,7,46192,876,1.90%,43468,830,1.91%,0.7%,55.7%,-0.142595603,0.88660957,0.7%
978,97,1.95%,1.88%,8,32155,621,1.93%,34074,621,1.82%,-5.6%,15.1%,1.031290019,0.302404837,-5.6%
979,97,1.95%,1.88%,9,14586,293,2.01%,15817,304,1.92%,-4.3%,29.2%,0.544920785,0.585808,-4.3%
980,98,8.26%,8.36%,0,33655,2815,8.36%,31186,2623,8.41%,0.6%,58.5%,-0.213618454,0.830844607,0.6%
981,98,8.26%,8.36%,1,23578,1960,8.31%,21648,1762,8.14%,-2.1%,25.1%,0.670745459,0.502382698,-2.1%
982,98,8.26%,8.36%,2,7634,592,7.75%,7985,606,7.59%,-2.1%,34.9%,0.388639559,0.697542799,-2.1%
983,98,8.26%,8.36%,3,6090,462,7.59%,6493,513,7.90%,4.1%,74.5%,-0.659650791,0.509477952,4.1%
984,98,8.26%,8.36%,4,2987,250,8.37%,3110,256,8.23%,-1.7%,42.2%,0.195388608,0.845088734,-1.6%
985,98,8.26%,8.36%,5,7150,629,8.80%,7036,568,8.07%,-8.2%,6.0%,1.552065025,0.120646665,-8.2%
986,98,8.26%,8.36%,6,24958,2055,8.23%,29021,2392,8.24%,0.1%,51.4%,-0.035703337,0.97151891,0.1%
987,98,8.26%,8.36%,7,24800,2000,8.06%,27500,2243,8.16%,1.1%,64.9%,-0.384145334,0.700870733,1.1%
988,98,8.26%,8.36%,8,14463,1190,8.23%,15452,1274,8.24%,0.2%,52.1%,-0.053431991,0.957387717,0.2%
989,98,8.26%,8.36%,9,40962,3306,8.07%,43946,3582,8.15%,1.0%,66.5%,-0.426736741,0.669571087,1.0%
990,99,6.07%,6.67%,0,41017,2402,5.86%,40282,2663,6.61%,12.9%,100.0%,-4.451835463,8.51E-06,12.9%
991,99,6.07%,6.67%,1,30825,1894,6.14%,29912,1973,6.60%,7.3%,98.9%,-2.279165302,0.022657241,7.4%
992,99,6.07%,6.67%,2,26613,1638,6.15%,28462,1882,6.61%,7.4%,98.6%,-2.193223345,0.028291291,7.4%
993,99,6.07%,6.67%,3,38464,2300,5.98%,40315,2722,6.75%,12.9%,100.0%,-4.434680938,9.22E-06,12.9%
994,99,6.07%,6.67%,4,20857,1189,5.70%,19258,1307,6.79%,19.0%,100.0%,-4.498991631,6.83E-06,19.1%
995,99,6.07%,6.67%,5,48585,2890,5.95%,41755,2834,6.79%,14.1%,100.0%,-5.1601892,2.47E-07,14.1%
996,99,6.07%,6.67%,6,13829,807,5.84%,12719,871,6.85%,17.3%,100.0%,-3.38673838,0.000707288,17.3%
997,99,6.07%,6.67%,7,35210,2047,5.81%,34520,2321,6.72%,15.6%,100.0%,-4.957827297,7.13E-07,15.7%
998,99,6.07%,6.67%,8,21894,1308,5.97%,22181,1458,6.57%,10.0%,99.5%,-2.592353018,0.00953219,10.0%
999,99,6.07%,6.67%,9,40347,2410,5.97%,39016,2572,6.59%,10.4%,100.0%,-3.594041293,0.000325588,10.4%
